variance	variance_mc	inverse_trace	inverse_trace_mc	log_det	log_det_mc	eigenvalues	num_eigenvalues	n_tasks	combination	n_unique	combination_tuple	cos
0.03669851885652895	0.012256109600125104	-688.8638771785553	-482.4722910149402	-15.031851216671084	-10.580654214636613	[0.00961378763354265, 0.002642321966582455]	2	3	(18, 19, 21)	3	(18, 19, 21)	0.8656852133449462
0.04454833511381931	0.030152263841895385	-392.5007218982325	-191.35816989100758	-13.489824928219459	-8.75564217968095	[0.023425980922200974, 0.006726282919694413]	2	3	(2, 19, 21)	3	(2, 19, 21)	0.8486618576285533
0.01337676042559901	0.004682492997036113	-1003.1036699282806	-876.8848183996175	-16.90410121618681	-12.14030026703657	[0.002717434216964662, 0.0019650587800714514]	2	3	(6, 8, 22)	3	(6, 8, 22)	0.9196878408738715
0.02295420101636783	0.013151952718492453	-846.6956836412007	-479.8760788005149	-15.613066124428276	-10.504712937084857	[0.010555484864588065, 0.0025964678539043885]	2	3	(9, 12, 28)	3	(9, 12, 28)	0.8858075925976264
0.03693139604716919	0.03192710066591392	-466.02300081027636	-133.7053608476309	-14.028487974154238	-8.33993865859668	[0.019969539501198057, 0.011957561164715868]	2	3	(11, 18, 20)	3	(11, 18, 20)	0.8070293023160581
0.016659742207605324	0.01156759240033843	-690.9802315324655	-483.25560811594664	-15.941743841728307	-10.640093572309116	[0.00886851651092781, 0.0026990758894106194]	2	3	(6, 22, 24)	3	(6, 22, 24)	0.9444864433543771
0.027153270467826982	0.021700522184931646	-528.4656015834272	-283.5473238646449	-14.896918483087328	-9.477797991352679	[0.0172686634867949, 0.0044318586981367475]	2	3	(9, 19, 27)	3	(9, 19, 27)	0.822229810153401
0.04127120762756163	0.028779358262028563	-333.32325332459027	-157.3520617900745	-13.483567170578402	-8.60658260245918	[0.01930546870151459, 0.009473889560513975]	2	3	(2, 3, 27)	3	(2, 3, 27)	0.9081522663632478
0.021973723033256332	0.01702147526282905	-562.8539597466875	-311.3253171611267	-15.281216198259417	-9.814117882753958	[0.012724811021283157, 0.004296664241545895]	2	3	(10, 20, 22)	3	(10, 20, 22)	0.9600497742178385
0.029748941167756497	0.022138957835234584	-407.9275742919335	-232.57614652355485	-14.340838616935487	-9.25963410772519	[0.01629855296510556, 0.005840404870129026]	2	3	(7, 19, 24)	3	(7, 19, 24)	0.839952086330794
0.039148618294377276	0.027928351131034233	-378.9929056485554	-250.62605090406777	-13.792954551309846	-9.102074927719976	[0.02310550200117455, 0.0048228491298596835]	2	3	(2, 26, 28)	3	(2, 26, 28)	0.8526172464297371
0.018411529573967463	0.008616158168374763	-1113.427279672913	-877.3957593879252	-16.33390902592964	-11.531074137341879	[0.00726432588809086, 0.001351832280283903]	2	3	(6, 11, 14)	3	(6, 11, 14)	0.9395933822984839
0.01772489130116932	0.01089543962527797	-2796.4865955565365	-1898.1081426881888	-17.386647057689586	-12.068023915022673	[0.010340315615653718, 0.0005551240096242523]	2	3	(21, 22, 28)	3	(21, 22, 28)	0.8756764641908893
0.036721707603901164	0.027182003074207393	-320.32837112966405	-152.76137308848317	-13.605525916097008	-8.634077227202924	[0.01619439373635435, 0.010987609337853045]	2	3	(15, 17, 24)	3	(15, 17, 24)	0.8443410910113226
0.03843121421350786	0.014415517794450617	-715.3597224752931	-620.0997681974434	-14.764010720493024	-10.669330409547122	[0.012565435073332083, 0.0018500827211185339]	2	3	(12, 16, 17)	3	(12, 16, 17)	0.8539237897359016
0.03704031008968797	0.019125009907782056	-664.2057515753283	-431.5228467920879	-14.953036752237724	-10.024078837712008	[0.016427029158240063, 0.002697980749541993]	2	3	(18, 19, 25)	3	(18, 19, 25)	0.8518379132208761
0.04044117840927203	0.03003460727591677	-262.8661914591393	-148.35120296430318	-13.185508824286012	-8.504987441978008	[0.01981973009088442, 0.010214877185032351]	2	3	(13, 15, 17)	3	(13, 15, 17)	0.8374621392975538
0.016384259387618255	0.006250565444304836	-767.3382500763078	-659.9358977287317	-16.181164140219508	-11.567226053887445	[0.00366926661557175, 0.0025812988287330857]	2	3	(8, 14, 26)	3	(8, 14, 26)	0.9795159063010388
0.02793216980324007	0.01940931454698272	-418.48852438885837	-261.2277423272823	-14.461370561925442	-9.507394799667427	[0.014163358392279949, 0.005245956154702772]	2	3	(0, 17, 27)	3	(0, 17, 27)	0.876310331363344
0.032280357297542334	0.026079757355753713	-337.41489797767866	-164.67353159840744	-13.87617522920572	-8.750560763330451	[0.016455423320910163, 0.009624334034843548]	2	3	(5, 15, 20)	3	(5, 15, 20)	0.9307839309278091
0.026123710125349465	0.021520822459701286	-644.1580586648615	-268.42731570753944	-15.262867843257402	-9.431314498333105	[0.01672804957734769, 0.004792772882353598]	2	3	(9, 19, 22)	3	(9, 19, 22)	0.8299610185940193
0.03526436232420275	0.028185442788755483	-492.0717803275729	-267.65292361746697	-14.470481081392517	-9.158640727552271	[0.023751854690127167, 0.004433588098628318]	2	3	(2, 14, 22)	3	(2, 14, 22)	0.8832858926414486
0.021394229569657617	0.013879600291148948	-562.568681039915	-397.3622363786936	-15.283246477718208	-10.262183420661188	[0.010577311242850256, 0.003302289048298692]	2	3	(6, 15, 25)	3	(6, 15, 25)	0.99308293222949
0.026465959385750186	0.019384103925529306	-527.9826029029282	-253.96487372528264	-14.9100695021726	-9.480497899109569	[0.013888472600222499, 0.005495631325306808]	2	3	(7, 8, 19)	3	(7, 8, 19)	0.8341824813815407
0.027957547890304295	0.02365373807321275	-505.34694869841246	-249.08509968390376	-14.790471749950893	-9.262028722344981	[0.018528537046508455, 0.0051252010267042935]	2	3	(5, 19, 26)	3	(5, 19, 26)	0.8373148446532618
0.016823573790835357	0.008322870667720807	-687.8625207149448	-568.3200837819489	-15.904934895511566	-11.13143283926507	[0.005796322305622673, 0.002526548362098134]	2	3	(5, 8, 26)	3	(5, 8, 26)	0.9095709064234837
0.031231178518099152	0.025793272714134827	-474.08359618717884	-201.32441034804367	-14.482572361493464	-8.962559157390473	[0.01907767749222295, 0.0067155952219118764]	2	3	(7, 19, 28)	3	(7, 19, 28)	0.818211949472794
0.05711572023268364	0.030185786156685903	-449.9527396857386	-407.7669366232846	-13.14713266374723	-9.51107989988003	[0.02749323036117402, 0.002692555795511881]	2	3	(2, 18, 19)	3	(2, 18, 19)	0.843080740844839
0.04635258793938796	0.03180871153744095	-292.82366886776185	-164.22391229033138	-13.070206491952177	-8.549245894461965	[0.02360224017825279, 0.00820647135918816]	2	3	(2, 7, 19)	3	(2, 7, 19)	0.832993429066588
0.017842348086316684	0.013315015078776653	-532.4487744947699	-310.4198865831703	-15.457250214087573	-10.056788781108736	[0.00785284985837502, 0.0054621652204016324]	2	3	(0, 10, 14)	3	(0, 10, 14)	0.9160153171614572
0.02615841129384985	0.013202643447792248	-537.5042370694268	-391.10640088306775	-14.884392097996635	-10.296317856229727	[0.00973505482402167, 0.0034675886237705775]	2	3	(12, 16, 21)	3	(12, 16, 21)	0.852826456744209
0.018822639848162084	0.013707811004171306	-549.9412776991632	-302.4282278397037	-15.42071035363331	-10.0016334483095	[0.008138502237848778, 0.005569308766322529]	2	3	(0, 24, 25)	3	(0, 24, 25)	0.9800655831205232
0.036211796921428924	0.030496357112250193	-342.5062993757376	-150.5592885209313	-13.742306912932413	-8.504504991718958	[0.02072112492833146, 0.009775232183918733]	2	3	(1, 13, 19)	3	(1, 13, 19)	0.8320628647003883
0.02255169270873046	0.01707705378008081	-419.53291870182034	-235.93931721100256	-14.744316205422539	-9.533594242312219	[0.009264772875163162, 0.007812280904917648]	2	3	(11, 12, 24)	3	(11, 12, 24)	0.9132175200379052
0.040809707576976335	0.029343706047019465	-370.28392627279834	-158.91915794837325	-13.640232578432121	-8.597072832784097	[0.020205186514696993, 0.009138519532322472]	2	3	(2, 3, 8)	3	(2, 3, 8)	0.9680474714996139
0.036270887941256026	0.027036993759719217	-496.12987381627045	-352.8802851240264	-14.366650410504679	-9.476678075301047	[0.023820522101871005, 0.0032164716578482132]	2	3	(2, 14, 26)	3	(2, 14, 26)	0.9213803277498385
0.01923556567189629	0.011217876149054559	-540.4973866966774	-374.24204698880624	-15.383535063753182	-10.415149460876634	[0.006827652304140869, 0.00439022384491369]	2	3	(1, 6, 7)	3	(1, 6, 7)	0.8866685252125639
0.015029719131185077	0.010036593600792882	-664.1547815492961	-453.39752282494544	-16.038491766871275	-10.718286779582765	[0.0067638318079093086, 0.003272761792883574]	2	3	(6, 7, 25)	3	(6, 7, 25)	0.8837055639963566
0.026106445804852253	0.02004568195654096	-600.443501995815	-378.1700125755035	-15.178496329368567	-9.845085375409425	[0.01691125716400403, 0.0031344247925369296]	2	3	(11, 16, 21)	3	(11, 16, 21)	0.839717509666919
0.05083332505841368	0.029319143362420655	-299.90022511033067	-149.21179829327727	-13.03151697426983	-8.534881380900654	[0.018950209888653924, 0.010368933473766733]	2	3	(0, 20, 23)	3	(0, 20, 23)	0.9349854524314473
0.019402793868083884	0.007477742419001521	-1106.95695153405	-902.6881923527501	-16.349497109831994	-11.701201540044373	[0.0061253535856830785, 0.0013523888333184424]	2	3	(5, 11, 26)	3	(5, 11, 26)	1.0032350859184118
0.03552655055457584	0.014064435478449915	-1248.7731887424673	-843.9101598571576	-15.794660241800045	-11.002152017728427	[0.012758149039131882, 0.0013062864393180334]	2	3	(16, 18, 22)	3	(16, 18, 22)	0.8373044713252775
0.025913470466207636	0.022227652340642463	-1089.309050566528	-799.8949351315694	-16.12857764422796	-10.490898552249018	[0.020897941728811348, 0.0013297106118311153]	2	3	(6, 10, 17)	3	(6, 10, 17)	0.8634779389900199
0.017866461248600578	0.01140277233797668	-540.0416345290055	-357.035998111182	-15.46964552653574	-10.351735377346625	[0.006455366199915332, 0.0049474061380613485]	2	3	(0, 5, 25)	3	(0, 5, 25)	0.9402158130789292
0.04180954392996686	0.02948536128950814	-345.773030558359	-194.92071196435165	-13.53028849168004	-8.796454236838638	[0.022871527122019186, 0.006613834167488956]	2	3	(2, 10, 15)	3	(2, 10, 15)	0.8959346706257115
0.01800629746265121	0.011951948812685895	-565.7707158568714	-358.35149897966653	-15.541223833773529	-10.308375278777007	[0.007512101078351675, 0.0044398477343342195]	2	3	(1, 21, 27)	3	(1, 21, 27)	0.9085313080662013
0.06480982580077682	0.033966571725822736	-211.94277491818536	-121.24358638166105	-12.109549810994755	-8.180180055140756	[0.019860872669706715, 0.01410569905611602]	2	3	(1, 2, 23)	3	(1, 2, 23)	0.8562766347514872
0.02529697891025032	0.017513085323718904	-400.1552912926902	-251.9578197390193	-14.516175961762373	-9.57406863619509	[0.011434047968807221, 0.006079037354911683]	2	3	(5, 7, 15)	3	(5, 7, 15)	0.9374882358825789
0.03215748904223022	0.01855329825907504	-379.2446573207329	-239.3395584831502	-14.021948204233862	-9.46499099242731	[0.012198547578952307, 0.006354750680122732]	2	3	(15, 16, 27)	3	(15, 16, 27)	0.876767602224051
0.03318809195561715	0.024591725422392813	-526.6625085146632	-274.55800687104056	-14.672445735914938	-9.320507814487184	[0.020145692333480462, 0.004446033088912353]	2	3	(2, 22, 25)	3	(2, 22, 25)	0.9362782969619219
0.022867453087626593	0.015213013949517438	-428.6418281220192	-275.1830214721686	-14.758280753593212	-9.8030404454784	[0.009211402748119706, 0.006001611201397732]	2	3	(4, 11, 27)	3	(4, 11, 27)	0.8576905389497672
0.03421765229809468	0.022226398635407464	-1359.9433383985709	-1239.4595061565915	-15.552263424484313	-10.9289052502783	[0.021387967814541647, 0.0008384308208658162]	2	3	(2, 25, 27)	3	(2, 25, 27)	0.8527723331912082
0.026239000705531645	0.01987435577988577	-607.2968496646563	-429.38559001788633	-15.127162602773058	-9.980680359027309	[0.017180239173289265, 0.0026941166065965073]	2	3	(8, 17, 26)	3	(8, 17, 26)	0.8288816135007799
0.021632993386094687	0.01270217919232524	-733.9812065093865	-571.1553671659606	-15.613775662123505	-10.713642979547924	[0.010605133863290098, 0.002097045329035141]	2	3	(0, 1, 14)	3	(0, 1, 14)	0.9265738272561707
0.04520745223431606	0.02986736709533047	-391.4440631426065	-273.79289333438714	-13.706583274448759	-9.123360752927697	[0.025607364246400623, 0.004260002848929847]	2	3	(0, 12, 23)	3	(0, 12, 23)	0.9337087658057154
0.046593331619423244	0.02127048784808506	-614.1716096607906	-516.1020173742259	-14.110308237675182	-10.096739168092347	[0.019114317336662953, 0.0021561705114221084]	2	3	(0, 1, 23)	3	(0, 1, 23)	0.8636344101984149
0.04512042425745826	0.03494511544644344	-366.6099859548697	-175.47874844238333	-13.628997597805103	-8.521494522474583	[0.027775406460728347, 0.007169708985715088]	2	3	(5, 14, 23)	3	(5, 14, 23)	0.8871378380984716
0.025409563866221663	0.016322019550124245	-486.7548077348199	-247.0179625691017	-14.782039209986095	-9.624701247093931	[0.008886154586849467, 0.007435864963274778]	2	3	(20, 24, 25)	3	(20, 24, 25)	0.9197606995473873
0.017606443572504356	0.012986941989109959	-769.652465460948	-337.5920028752039	-15.988060043176509	-10.165648962982528	[0.008415923653649389, 0.00457101833546057]	2	3	(9, 11, 21)	3	(9, 11, 21)	0.8792153246179969
0.0316747636667823	0.023720635273878472	-406.078452335355	-210.52337765143545	-14.16548554037242	-9.091006627689785	[0.017151115723622285, 0.006569519550256187]	2	3	(4, 18, 25)	3	(4, 18, 25)	0.8181993980939236
0.016773226773343593	0.011128365794173433	-774.7813319054746	-576.4757850663952	-16.064887352668766	-10.855191288863246	[0.00897827096375739, 0.002150094830416044]	2	3	(8, 22, 24)	3	(8, 22, 24)	0.9332655565998923
0.020761480775282764	0.007909904171436237	-718.6007785985164	-589.2075422106813	-15.739414426489564	-11.218418097410087	[0.005443910600951981, 0.0024659935704842567]	2	3	(9, 26, 28)	3	(9, 26, 28)	0.8816757933073401
0.013762963452564675	0.0074116347679020885	-1810.6727162486725	-1500.7244170731274	-17.49624455477524	-12.218407462780801	[0.006671348998901917, 0.0007402857690001716]	2	3	(22, 25, 27)	3	(22, 25, 27)	0.892585704229254
0.014217539178718644	0.006245005167637612	-1997.5499725566283	-1706.544805788951	-17.49954306261859	-12.518199331879035	[0.0055904123017342135, 0.0006545928659033987]	2	3	(6, 25, 27)	3	(6, 25, 27)	0.885351692964108
0.028970160787198003	0.024831170575179508	-539.8023490109324	-200.68863217315248	-14.759370103447843	-8.997410150296755	[0.017930739580092052, 0.006900430995087457]	2	3	(0, 9, 17)	3	(0, 9, 17)	0.8318433805146958
0.03127816838937947	0.02270169791287318	-311.64196466379514	-190.27887722074598	-13.812483254756483	-9.033806330245977	[0.014438609956116129, 0.008263087956757051]	2	3	(11, 13, 15)	3	(11, 13, 15)	0.8761206112088603
0.037925024877606864	0.02955055882564025	-274.0109495336656	-151.16213768682974	-13.339391814627646	-8.540005644382603	[0.01955227899400507, 0.009998279831635183]	2	3	(3, 13, 16)	3	(3, 13, 16)	0.8060060333586851
0.030452269946981296	0.026235799225429464	-558.2342091409535	-224.60345586929918	-14.739705056160606	-9.054966847175741	[0.020552270539122484, 0.005683528686306982]	2	3	(6, 17, 28)	3	(6, 17, 28)	0.7974383767603653
0.025484860889841296	0.01698569060910696	-464.5922489979449	-256.33220041123224	-14.735347102452163	-9.621858279360303	[0.010914426585390144, 0.006071264023716816]	2	3	(6, 20, 24)	3	(6, 20, 24)	0.9282121251996628
0.031782316903214404	0.017871039354354676	-659.0205745458352	-529.6388574643272	-14.683953081921631	-10.296769162811179	[0.015725333955586448, 0.002145705398768227]	2	3	(0, 1, 18)	3	(0, 1, 18)	0.8715048631832532
0.05392840981847847	0.03283140752318667	-238.3168653609841	-165.00248274125045	-12.603601557631023	-8.52233019601261	[0.02481213732227218, 0.00801927020091449]	2	3	(20, 23, 28)	3	(20, 23, 28)	0.8782956734606139
0.03258473968134366	0.023584035019080987	-324.8596806069745	-210.10485264606828	-13.821760565365315	-9.094791982534414	[0.01696915899506222, 0.006614876024018765]	2	3	(12, 15, 20)	3	(12, 15, 20)	0.9340753494703337
0.045573679368270094	0.03623653461447511	-475.2973624944036	-121.02352007915215	-13.656373741203584	-8.113672333127113	[0.023489888897913536, 0.012746645716561578]	2	3	(2, 6, 17)	3	(2, 6, 17)	0.8285716575457941
0.013989232511297894	0.009434549218855066	-652.4884295433378	-428.2759652558412	-16.12517519268073	-10.723144645285345	[0.0051900793896522985, 0.004244469829202767]	2	3	(8, 21, 27)	3	(8, 21, 27)	0.8610492328581768
0.028136509661912414	0.025008292749275896	-581.5008069369198	-259.88448657970105	-15.019854482057273	-9.248785049053591	[0.020258189358148146, 0.004750103391127751]	2	3	(9, 11, 16)	3	(9, 11, 16)	0.8056090804263091
0.021338224619964784	0.013495863584475269	-432.1953092601759	-303.72486485812885	-14.873442977030546	-10.021494283430732	[0.007796778743383151, 0.005699084841092118]	2	3	(0, 5, 24)	3	(0, 5, 24)	0.9465519180828773
0.03605884226767029	0.026343303783621735	-451.3775470569518	-262.0759456782434	-14.295543043662995	-9.205175492907095	[0.021714168473830175, 0.004629135309791558]	2	3	(2, 10, 14)	3	(2, 10, 14)	0.9313723828651689
0.023274076487313198	0.012491494627542617	-3048.7398106993905	-2013.5973024746158	-16.90273141720615	-11.990385400235047	[0.011973381040892262, 0.0005181135866503553]	2	3	(5, 6, 13)	3	(5, 6, 13)	0.9103832879203541
0.030052645878259225	0.025978822451212708	-557.2195661224536	-200.62735773755972	-14.703864757368585	-8.951922839748557	[0.019253345135265762, 0.006725477315946947]	2	3	(4, 10, 16)	3	(4, 10, 16)	0.8079717317425709
0.043946852423619606	0.03589041373395737	-453.7665362489162	-200.13554558289144	-14.006126981425641	-8.626279910963843	[0.02989091396768608, 0.0059994997662712905]	2	3	(11, 23, 27)	3	(11, 23, 27)	0.8684455757991519
0.013527883053554686	0.008082188054291306	-709.1834921389922	-509.6108267085189	-16.302590757120278	-11.051739993845725	[0.004727323734589173, 0.0033548643197021336]	2	3	(10, 22, 25)	3	(10, 22, 25)	0.9041171351762761
0.03417177334626226	0.023222436096687192	-363.6027486785389	-188.3310433216186	-13.8667787329655	-9.000837677540936	[0.015004434047104486, 0.008218002049582708]	2	3	(15, 18, 26)	3	(15, 18, 26)	0.85044421997753
0.03485194483894016	0.027058805996819854	-325.4881100822969	-194.79687920664395	-13.745270250285582	-8.881700152079366	[0.020172967191571606, 0.006885838805248249]	2	3	(4, 17, 24)	3	(4, 17, 24)	0.8195949460411681
0.02674795719424415	0.01658160522580886	-698.0680540530434	-597.3627799477288	-15.094113356224389	-10.491985917403746	[0.01469231748038414, 0.0018892877454247203]	2	3	(0, 1, 13)	3	(0, 1, 13)	0.8801163161627654
0.030733790700871816	0.02416632198234195	-427.4864372662355	-195.22135497086023	-14.270232651003818	-8.996929337151645	[0.016796274944989503, 0.007370047037352444]	2	3	(3, 16, 25)	3	(3, 16, 25)	0.8425005691694345
0.03646263483737513	0.02747179217022188	-419.1318402673778	-242.49075409596406	-14.129722187561462	-9.085559122216154	[0.022418337037569642, 0.005053455132652239]	2	3	(2, 6, 12)	3	(2, 6, 12)	0.907832082775552
0.016750460446315077	0.0026146124326224093	-1807.2943922664776	-1541.8916254166143	-17.751825722982183	-13.287404671593954	[0.0014227711882770213, 0.001191841244345388]	2	3	(6, 10, 11)	3	(6, 10, 11)	1.0062068334530698
0.024857664507033216	0.01425310460805295	-465.6850170539376	-293.31318854820466	-14.771871925459335	-9.932021469807342	[0.00860786294681963, 0.0056452416612333195]	2	3	(7, 14, 15)	3	(7, 14, 15)	0.913403108603318
0.022428298759410298	0.015422078624331374	-961.2952303772274	-810.5266505581775	-15.852792323037075	-10.869639341652952	[0.014069725911717852, 0.0013523527126135216]	2	3	(6, 10, 20)	3	(6, 10, 20)	0.9501987684779974
0.02263237268861661	0.011152595441271436	-1159.2791740304497	-1028.1301599420622	-15.941244578176848	-11.43158008589176	[0.0100760356537225, 0.001076559787548936]	2	3	(4, 10, 11)	3	(4, 10, 11)	0.9832230666204486
0.01373992872714043	0.006411128302915527	-3612.3040491957927	-3396.726939575567	-18.260158502307014	-13.180287583358112	[0.006101802847201075, 0.00030932545571445234]	2	3	(22, 25, 26)	3	(22, 25, 26)	0.9290449317925095
0.022948246649834362	0.011784362971331258	-560.6541426467243	-446.73636429946737	-15.119855750898104	-10.542950429828757	[0.008779917037505735, 0.003004445933825524]	2	3	(8, 13, 14)	3	(8, 13, 14)	0.9473821742151841
0.047908584883162894	0.032989715779954895	-452.10102720672603	-195.16806182287672	-13.66819080461395	-8.685420451999589	[0.02664611340981546, 0.006343602370139439]	2	3	(8, 13, 23)	3	(8, 13, 23)	0.962564887473346
0.0339108378236275	0.025267176280611498	-347.7058637712322	-182.3925924331834	-13.829046214456087	-8.884410570943356	[0.017224420041284542, 0.008042756239326956]	2	3	(19, 20, 27)	3	(19, 20, 27)	0.8482767356186395
0.020968650373250797	0.016438780453845888	-618.8874838423417	-275.2716747531748	-15.44983531124874	-9.725870591945025	[0.011019388176547181, 0.005419392277298707]	2	3	(13, 21, 26)	3	(13, 21, 26)	0.8728795410119381
0.0183076597327622	0.011677625241444476	-581.4884427781542	-409.0747151492163	-15.542738594743776	-10.463978457609239	[0.008193657978283931, 0.003483967263160544]	2	3	(0, 8, 11)	3	(0, 8, 11)	0.9124741559562235
0.02428226323630714	0.019233733268463123	-470.29185509455647	-241.78574437599934	-14.820086663646247	-9.439141580679475	[0.013213456477325362, 0.006020276791137763]	2	3	(1, 4, 26)	3	(1, 4, 26)	0.8746809953187057
0.03772386311097976	0.022854501284526034	-794.240422264774	-418.9496643200904	-15.300673589061237	-9.81635796810219	[0.020146777844799214, 0.002707723439726821]	2	3	(6, 17, 18)	3	(6, 17, 18)	0.8276671771443128
0.0234549252233405	0.01798227075568959	-523.7335349235688	-277.15867570119593	-15.037198060745192	-9.64295914313869	[0.01298609926910356, 0.004996171486586031]	2	3	(0, 20, 21)	3	(0, 20, 21)	0.9781377622607778
0.0322624095323305	0.017518254763385227	-411.6311473236192	-243.76212130513	-14.144714109537857	-9.540704649470564	[0.010962788687279295, 0.006555466076105933]	2	3	(15, 19, 22)	3	(15, 19, 22)	0.8660785904351874
0.020183969932028038	0.01142227318726334	-886.196529227022	-677.576372310138	-16.005912685976938	-10.99071231444502	[0.009680965011436036, 0.001741308175827304]	2	3	(0, 1, 26)	3	(0, 1, 26)	0.9141728320511285
0.019107378547917952	0.015102773959095182	-699.9779348358329	-330.0596567492116	-15.79977484230602	-9.992150262282838	[0.01090783385223536, 0.00419494010685982]	2	3	(4, 21, 25)	3	(4, 21, 25)	0.8740616757156969
0.015807480053575903	0.005810257505441471	-4074.5772378612287	-3472.43483317615	-18.055711729321274	-13.300741695934665	[0.005506382559020738, 0.0003038749464207326]	2	3	(9, 25, 26)	3	(9, 25, 26)	0.8924090194601245
0.03309757016695409	0.02895804880101619	-528.726228260839	-205.06517825722997	-14.538117667954939	-8.865234960713508	[0.022751162629238028, 0.006206886171778165]	2	3	(8, 13, 18)	3	(8, 13, 18)	0.8012127795938335
0.02683822476011176	0.013766378663569227	-562.3024816627438	-420.23126903835026	-14.948286107913052	-10.326331188521968	[0.010706701040271606, 0.00305967762329762]	2	3	(7, 18, 21)	3	(7, 18, 21)	0.8641704825857194
0.05444243562667642	0.0385287678567132	-302.2694358644749	-114.55264070634534	-12.837322078037221	-7.997384561163139	[0.025161445050718767, 0.013367322805994432]	2	3	(9, 18, 23)	3	(9, 18, 23)	0.7850150308785039
0.03164461944339521	0.015313133275008998	-682.0800741559327	-551.3036023760995	-14.945291971325602	-10.491330094701311	[0.013210555024204762, 0.0021025782508042367]	2	3	(5, 13, 20)	3	(5, 13, 20)	0.9058408555505141
0.058416790069490125	0.04182489650145938	-212.17740360621573	-103.90313035577441	-12.282758526046994	-7.817722532869786	[0.026811014727979046, 0.015013881773480337]	2	3	(4, 17, 23)	3	(4, 17, 23)	0.8059320282425707
0.02054943510169702	0.008981630862388172	-752.6517678506427	-622.6832624198081	-15.772953477200558	-11.14661178512026	[0.006887343540351906, 0.0020942873220362664]	2	3	(9, 10, 28)	3	(9, 10, 28)	0.9091106741742038
0.024737215852587608	0.015003322548014744	-440.14577837431534	-302.9032883867841	-14.683662234825455	-9.912897173526034	[0.010098427786762051, 0.004904894761252692]	2	3	(11, 15, 27)	3	(11, 15, 27)	0.9306840863504355
0.03332648859721179	0.024747378059608718	-294.2254901689329	-170.63393926239917	-13.628775091855621	-8.83855628841297	[0.015215554657565532, 0.009531823402043185]	2	3	(3, 15, 28)	3	(3, 15, 28)	0.885086533851235
0.019145188102162272	0.013836073871153154	-873.9167825538117	-535.034184543556	-16.040691019310977	-10.56280669006514	[0.011608353246045748, 0.002227720625107406]	2	3	(4, 6, 22)	3	(4, 6, 22)	0.9320113637249691
0.03136677313214282	0.01634669924335582	-330.00410358964353	-257.2859646483023	-13.892789318891035	-9.66391745237178	[0.009981250653090263, 0.006365448590265559]	2	3	(4, 20, 24)	3	(4, 20, 24)	0.9497308267524817
0.035191772649589614	0.019156654350323564	-748.3276370635463	-508.7982050494513	-15.215250588964885	-10.187156622266134	[0.016933159703131317, 0.002223494647192248]	2	3	(8, 16, 19)	3	(8, 16, 19)	0.8143574265839977
0.020734297433980663	0.013047928591064184	-637.9480636233639	-492.5569392428644	-15.469491849126378	-10.538735953071626	[0.010532943805215043, 0.0025149847858491415]	2	3	(3, 8, 25)	3	(3, 8, 25)	0.973626578449379
0.022798569805145715	0.014903037278736708	-494.6677515427349	-304.19071260377393	-14.988074822374	-9.923845091393154	[0.010007436515785041, 0.004895600762951667]	2	3	(0, 15, 22)	3	(0, 15, 22)	0.9888547179950855
0.014215652162873207	0.010138114905813848	-652.4287291116661	-395.0087096854262	-16.099900873554734	-10.57036101932092	[0.005241671752427583, 0.004896443153386266]	2	3	(10, 21, 27)	3	(10, 21, 27)	0.9262776756177118
0.029921411796564983	0.02621457482863138	-542.2391705764536	-254.05192045062304	-14.824022134914266	-9.178978389070856	[0.021390709907597068, 0.004823864921034313]	2	3	(5, 9, 18)	3	(5, 9, 18)	0.8003919661084531
0.04390992746083636	0.03253584479594297	-278.6437096250995	-148.46273401488546	-13.153107749149415	-8.425746857969072	[0.023012824564356278, 0.009523020231586696]	2	3	(2, 5, 15)	3	(2, 5, 15)	0.896321042757665
0.03389576623937865	0.029928766340056756	-516.0936135682014	-170.1848573121532	-14.399082459012464	-8.645820418358234	[0.021897811382102485, 0.008030954957954271]	2	3	(4, 5, 17)	3	(4, 5, 17)	0.8179103421694162
0.02511747791419783	0.01799011854327804	-447.7171709262868	-306.17231106491164	-14.691595377875004	-9.742080693164759	[0.013701750404300496, 0.004288368138977545]	2	3	(1, 4, 7)	3	(1, 4, 7)	0.8718878601473165
0.04722740888576473	0.03480197428825759	-256.4070866681338	-125.31389835472766	-12.87912135596285	-8.188902937768834	[0.022408577587997237, 0.012393396700260354]	2	3	(2, 16, 24)	3	(2, 16, 24)	0.800735196680714
0.02819099773444508	0.009819913448534457	-618.8763403510592	-483.96349097749726	-15.027437923013217	-10.805352442456297	[0.006863688308385232, 0.0029562251401492254]	2	3	(3, 4, 9)	3	(3, 4, 9)	0.9748250235233101
0.022986204297692457	0.016744081094540023	-605.7556165729644	-393.725501790381	-15.244972235556212	-10.065364421179233	[0.01362216117224512, 0.003121919922294902]	2	3	(3, 12, 22)	3	(3, 12, 22)	0.996926453129486
0.025540294867545485	0.01958637590107644	-545.8119329402141	-282.369327550715	-15.023636580384355	-9.57613694776379	[0.014945094505637514, 0.0046412813954389235]	2	3	(6, 19, 27)	3	(6, 19, 27)	0.8593401939127739
0.029839599412168544	0.022566504583852093	-433.89781642199193	-204.98973350141506	-14.387011571858594	-9.114248467560714	[0.015433644918790814, 0.007132859665061277]	2	3	(18, 24, 27)	3	(18, 24, 27)	0.8124666773904309
0.02040217341702763	0.01337944009848744	-568.3220496040483	-354.25378464965223	-15.314560100225147	-10.18404963337909	[0.00933252194765553, 0.00404691815083191]	2	3	(1, 5, 8)	3	(1, 5, 8)	0.8817568717621662
0.023213712773563704	0.01302820757407687	-538.9409547141447	-414.7937472712563	-15.076076934127205	-10.368419860936342	[0.009834445161560332, 0.003193762412516537]	2	3	(4, 9, 14)	3	(4, 9, 14)	0.9277003740912138
0.016621932653360996	0.014087586025524292	-736.9553579932965	-307.86698915555394	-16.035631512529946	-9.992129129427283	[0.00900755045696036, 0.005080035568563932]	2	3	(21, 24, 25)	3	(21, 24, 25)	0.8824818441616998
0.019787515562795614	0.014118294507892211	-569.6282755053461	-321.2886474727332	-15.431204825253875	-10.032623772162868	[0.009485842113865233, 0.004632452394026979]	2	3	(1, 7, 26)	3	(1, 7, 26)	0.9256639590128106
0.02627293326774484	0.018082008015061206	-464.3870632802989	-331.410973840919	-14.651888076202674	-9.816197085430936	[0.014254359327956382, 0.003827648687104822]	2	3	(15, 25, 28)	3	(15, 25, 28)	0.8665507634256593
0.033814347975007625	0.026131211149723336	-419.20548991517035	-176.27556961017993	-14.057861608730136	-8.816673356569096	[0.01780579167392354, 0.008325419475799796]	2	3	(9, 16, 20)	3	(9, 16, 20)	0.8163054011390937
0.03011218253093024	0.02418704597675797	-562.4660972133515	-183.97337118061353	-14.679902576490178	-8.936729104646343	[0.01593838121811232, 0.008248664758645649]	2	3	(1, 8, 18)	3	(1, 8, 18)	0.8314990650784129
0.025792978603757694	0.016197702267838315	-454.98627870013377	-271.0109749178893	-14.707688080199043	-9.725045200033676	[0.01051208363065077, 0.005685618637187547]	2	3	(7, 16, 27)	3	(7, 16, 27)	0.8631709162429665
0.025740900308045198	0.019345553655649134	-429.8491874735312	-234.76189748696362	-14.602084029823196	-9.40386446947351	[0.013013078269241194, 0.006332475386407939]	2	3	(4, 12, 24)	3	(4, 12, 24)	0.8827860334354881
0.03323909742921802	0.028248388655964414	-422.9792430261012	-153.05137930462521	-14.125182208601505	-8.597492539211967	[0.017987464242813247, 0.010260924413151165]	2	3	(0, 4, 17)	3	(0, 4, 17)	0.8347279070426228
0.03623966474914836	0.027376562528873646	-303.5323030910979	-158.10080822277672	-13.533753032397676	-8.661300870094966	[0.01745791531674007, 0.009918647212133576]	2	3	(14, 18, 20)	3	(14, 18, 20)	0.8391089619682259
0.02929565340416699	0.023051085589662085	-570.2677156131414	-245.32936701428318	-14.787329611979132	-9.272644076351865	[0.01776079646703863, 0.0052902891226234575]	2	3	(4, 16, 21)	3	(4, 16, 21)	0.8334864687562669
0.04870964623610738	0.039774429299573415	-270.850839948416	-103.70155805529504	-12.87978148011826	-7.86604819284446	[0.023344703795654034, 0.01642972550391938]	2	3	(2, 16, 28)	3	(2, 16, 28)	0.773080393039165
0.028223125756698192	0.019222327273690405	-342.8161323546411	-227.05808234502922	-14.10978663036051	-9.376888650844013	[0.012388981496445375, 0.006833345777245031]	2	3	(1, 3, 24)	3	(1, 3, 24)	0.9116541203875856
0.02612676348084858	0.015885119320899622	-423.3297841348965	-285.2124342991494	-14.510876345100627	-9.79560678585753	[0.010660740646917088, 0.005224378673982536]	2	3	(3, 26, 28)	3	(3, 26, 28)	0.8995510618229448
0.042201992227211015	0.03201615659068264	-361.2327698368647	-153.22438772163486	-13.533021606035152	-8.473418043560212	[0.0228862384965721, 0.009129918094110538]	2	3	(2, 8, 20)	3	(2, 8, 20)	0.9294061155058434
0.026092244758444804	0.01620669679511461	-1558.880273104535	-1312.531017450095	-16.061053776263456	-11.302043366277758	[0.015405169238523381, 0.0008015275565912267]	2	3	(19, 26, 27)	3	(19, 26, 27)	0.8621680088752371
0.018818477415117645	0.00886363373698702	-636.1958076843894	-499.59697753309973	-15.650112456307923	-10.93960019857618	[0.005810015976353359, 0.0030536177606336596]	2	3	(1, 7, 21)	3	(1, 7, 21)	0.9585799005864594
0.02097714131287896	0.012328870915550388	-625.8372514252362	-351.44118966457023	-15.49026000232354	-10.257853922911998	[0.007873052179016508, 0.0044558187365338784]	2	3	(15, 21, 25)	3	(15, 21, 25)	0.9131270928664778
0.025077822821959975	0.01908460801184801	-471.62599229251265	-243.93606908077265	-14.759380591034105	-9.455779311063951	[0.013122731402185974, 0.005961876609662039]	2	3	(1, 8, 13)	3	(1, 8, 13)	0.864923332225827
0.024206060805344872	0.016451503658728443	-436.6514271232993	-249.83259781919878	-14.697367139136297	-9.628129482973751	[0.009572185903627921, 0.006879317755100521]	2	3	(3, 8, 24)	3	(3, 8, 24)	0.9446312921294849
0.028744349755706514	0.01813692321527413	-414.6453077999639	-289.0230927790044	-14.393041445167437	-9.676312052681386	[0.013482585579946204, 0.004654337635327928]	2	3	(0, 7, 17)	3	(0, 7, 17)	0.8811457764047038
0.01799444131718881	0.01179794799359148	-548.8912772227761	-348.22344364170414	-15.48228379614664	-10.29267401464071	[0.006856835528040455, 0.004941112465551024]	2	3	(11, 14, 21)	3	(11, 14, 21)	0.9117770410233931
0.020790291724696902	0.014773131557958206	-513.7253495307665	-273.3281559729321	-15.149799213954731	-9.82561829323329	[0.00810230871342725, 0.0066708228445309554]	2	3	(1, 22, 24)	3	(1, 22, 24)	0.8977154881645321
0.02159669545317344	0.01491797785743081	-732.8103772168054	-495.4851939824367	-15.741329929051169	-10.410725698095437	[0.012511582145217092, 0.002406395712213718]	2	3	(7, 9, 28)	3	(7, 9, 28)	0.859460159251709
0.02689098657256825	0.01956504360729952	-528.3670067975459	-342.9527322479747	-14.836792295682827	-9.771603425292437	[0.015999347976289525, 0.0035656956310099962]	2	3	(14, 19, 25)	3	(14, 19, 25)	0.8487352333138641
0.03408303539329937	0.011000546673158971	-705.6116824300198	-628.7475232016182	-14.84284027261799	-10.953540092022973	[0.009071973012485763, 0.0019285736606732078]	2	3	(13, 20, 28)	3	(13, 20, 28)	0.9220429211551547
0.027991671603436418	0.022568098059484207	-515.7124444055987	-235.26853262259388	-14.771651607121688	-9.251945514003953	[0.01688805788364909, 0.005680040175835118]	2	3	(0, 10, 18)	3	(0, 10, 18)	0.848960739545638
0.019920507142484344	0.012579775549649164	-546.4213219949042	-394.1008551369722	-15.306472640187025	-10.352271723755587	[0.009054394011418188, 0.0035253815382309773]	2	3	(8, 11, 24)	3	(8, 11, 24)	0.9740295388587442
0.023944313984382376	0.019475691668845767	-806.9526443313114	-538.9043406925275	-15.724342657403081	-10.228126251760074	[0.017398538947319617, 0.0020771527215261492]	2	3	(6, 8, 16)	3	(6, 8, 16)	0.8178492611856915
0.019477794082505738	0.013622281470983454	-476.11163700509906	-298.38507471821805	-15.1551942283869	-9.994433332784375	[0.007670371395400297, 0.005951910075583157]	2	3	(5, 12, 27)	3	(5, 12, 27)	0.8950779461985133
0.024154958063255072	0.014981569857962963	-515.1370209965039	-269.79585804099435	-14.932822574546442	-9.798600101152193	[0.00825405318447662, 0.0067275166734863424]	2	3	(13, 24, 25)	3	(13, 24, 25)	0.8946059949019047
0.030529678314980893	0.023605736849678934	-499.87086079621963	-254.00667445173974	-14.54718014504021	-9.283626053682937	[0.01861272695887693, 0.004993009890802003]	2	3	(13, 16, 21)	3	(13, 16, 21)	0.8245736005292255
0.02944163383223114	0.02497251435003909	-460.714935165239	-195.70248412203506	-14.513313878480972	-8.966575052766817	[0.017806232271481807, 0.007166282078557283]	2	3	(0, 11, 19)	3	(0, 11, 19)	0.8749584233830143
0.03827581300187907	0.02000505767200473	-623.7462271675216	-425.8437757486921	-14.783553814378521	-9.965842709212787	[0.017287659315008787, 0.0027173983569959417]	2	3	(17, 18, 26)	3	(17, 18, 26)	0.8479168046460742
0.021969214185981183	0.010055888643248183	-1615.7957109182664	-1420.3192878071611	-16.412481903999936	-11.858233857306804	[0.00929411407061736, 0.0007617745726308222]	2	3	(15, 25, 27)	3	(15, 25, 27)	0.8831618511615993
0.029667583514571765	0.026583242529393085	-580.009541285654	-185.08286514872879	-14.779772263868423	-8.84827788632842	[0.01903951889649141, 0.007543723632901674]	2	3	(5, 16, 24)	3	(5, 16, 24)	0.8045547840070872
0.050431811516537764	0.03931677145891821	-339.52763324391594	-207.2663465155108	-13.264619335851252	-8.570108760782226	[0.03368550631247682, 0.005631265146441389]	2	3	(14, 15, 23)	3	(14, 15, 23)	0.8629379632081164
0.037635157751926995	0.02658596033790768	-293.8721421111286	-185.99858781485528	-13.433197996684768	-8.853111090670252	[0.01910391519778218, 0.007482045140125502]	2	3	(18, 20, 24)	3	(18, 20, 24)	0.831347468591339
0.022272529075039554	0.01725090419939273	-510.96674918861777	-304.5558964755991	-15.091518909598118	-9.77874535789017	[0.012839192240599104, 0.004411711958793625]	2	3	(1, 22, 28)	3	(1, 22, 28)	0.879209170446401
0.021172762759141716	0.011460645500771395	-3859.1620409712928	-3751.0667943374165	-17.34218668560866	-12.698631799860074	[0.01118754694021178, 0.0002730985605596157]	2	3	(3, 25, 26)	3	(3, 25, 26)	0.9616801063757187
0.02726694715713669	0.018386915299834113	-363.8946657695811	-248.46553888622435	-14.24960517187785	-9.511420151751556	[0.012436571951707543, 0.005950343348126568]	2	3	(1, 3, 5)	3	(1, 3, 5)	0.9273433412098334
0.05143977910469798	0.03197397451752849	-257.34638073285	-183.14980406742703	-12.805330941841731	-8.653137422845864	[0.02498729277610757, 0.006986681741420919]	2	3	(4, 23, 28)	3	(4, 23, 28)	0.9044370742186102
0.01579348533686655	0.011864208172615128	-610.8854301414417	-350.15532191553257	-15.845266830297778	-10.292605960666423	[0.007075414024570615, 0.004788794148044513]	2	3	(7, 8, 27)	3	(7, 8, 27)	0.8497714440182461
0.036533076171629125	0.01895468385068123	-995.983536388967	-709.9076357342119	-15.487967973736286	-10.530839080151178	[0.01742213888358437, 0.0015325449670968627]	2	3	(16, 18, 26)	3	(16, 18, 26)	0.844614964676668
0.02560136129405165	0.01481544764765719	-401.40743387008877	-277.01822341489736	-14.506063725525088	-9.83616817509874	[0.008587774743009792, 0.006227672904647399]	2	3	(7, 12, 15)	3	(7, 12, 15)	0.9553710451140714
0.024745718252281265	0.020056777963289217	-611.7756749918208	-295.42667150173736	-15.23661466250736	-9.597608784790093	[0.015744830296275988, 0.004311947667013231]	2	3	(10, 16, 27)	3	(10, 16, 27)	0.8561621347414953
0.030430134236744795	0.02345366749892217	-555.2640449307304	-224.49342990417563	-14.655894567703157	-9.166574841069814	[0.017475302504965116, 0.005978364993957052]	2	3	(4, 19, 21)	3	(4, 19, 21)	0.837596221332462
0.02019514851198989	0.014412096405921216	-468.4274615394826	-284.2131929361656	-15.078815919967472	-9.889412032732508	[0.008309849990442804, 0.006102246415478412]	2	3	(0, 11, 14)	3	(0, 11, 14)	0.9394768033650678
0.029199211613767463	0.02119917223738229	-382.9920093799652	-191.56815665152106	-14.198565060904397	-9.10903679818035	[0.01189957571603186, 0.009299596521350428]	2	3	(3, 7, 13)	3	(3, 7, 13)	0.8813335913305922
0.019302278150364366	0.011949794921750332	-650.1227528790762	-443.60501980512066	-15.63242952769932	-10.521975733585904	[0.008934877748799063, 0.003014917172951268]	2	3	(9, 24, 27)	3	(9, 24, 27)	0.8519757195054574
0.05275416300277529	0.04165862046776883	-471.0610947856537	-111.85382972871798	-13.423413738936096	-7.895439884982732	[0.02866653745829103, 0.0129920830094778]	2	3	(18, 23, 25)	3	(18, 23, 25)	0.8021166136171702
0.04157101727252215	0.0327028893749725	-504.62105963516143	-282.21406291663334	-14.334132800577981	-9.06295771622467	[0.02865957263216603, 0.0040433167428064725]	2	3	(10, 23, 26)	3	(10, 23, 26)	0.9065047750628604
0.026348230291364468	0.019607378605641906	-435.59152966855703	-266.04205958413127	-14.57591850340247	-9.515503739136811	[0.014537823616373916, 0.005069554989267992]	2	3	(6, 15, 28)	3	(6, 15, 28)	0.8741698609943659
0.03911739510226964	0.029355261649129646	-296.0450532870259	-167.8650816657645	-13.390186161632172	-8.651444047667344	[0.021046202679799373, 0.008309058969330275]	2	3	(18, 20, 28)	3	(18, 20, 28)	0.802574461875099
0.02464216685601806	0.016704739047405624	-467.7705418794402	-323.39990145719815	-14.773971383715459	-9.870952466956505	[0.012607786041723513, 0.004096953005682112]	2	3	(5, 8, 20)	3	(5, 8, 20)	0.9182076506380682
0.02589789909385796	0.014406085421921577	-499.7885834239104	-327.90583401442603	-14.856666501644082	-10.032831038671407	[0.01002265601687195, 0.004383429405049626]	2	3	(7, 19, 22)	3	(7, 19, 22)	0.8607164144950258
0.01869820302194659	0.0143893861119649	-571.6652719344115	-308.1731012824739	-15.488977125172951	-9.971926061983892	[0.009446595385698017, 0.0049427907262668816]	2	3	(14, 21, 24)	3	(14, 21, 24)	0.8801578611993484
0.020898910216747682	0.015254612274910147	-461.0944377515974	-270.68195566217435	-15.005069498135342	-9.783817913734232	[0.008976223229063607, 0.006278389045846541]	2	3	(0, 14, 24)	3	(0, 14, 24)	0.8986717234473119
0.041289373046464746	0.029011248244171447	-299.2146154718857	-195.52776360490972	-13.375788224008065	-8.815774036376133	[0.022382112589739628, 0.006629135654431818]	2	3	(2, 11, 28)	3	(2, 11, 28)	0.9819160696777335
0.02158879292318432	0.012642443594620571	-475.3283625145491	-347.3542099649797	-14.994816920709194	-10.221040623892897	[0.00820840028112901, 0.00443404331349156]	2	3	(5, 26, 28)	3	(5, 26, 28)	0.8724415898895908
0.031981930094137245	0.023436531004865216	-349.0270334773306	-207.189731420552	-13.946526071568659	-9.087094270274735	[0.016637764420798035, 0.00679876658406718]	2	3	(13, 15, 24)	3	(13, 15, 24)	0.9008131240061678
0.032134454316805984	0.02176624788788794	-406.48669969712597	-198.30052333590618	-14.113720357601377	-9.11717844564104	[0.01382904332809309, 0.007937204559794847]	2	3	(15, 16, 26)	3	(15, 16, 26)	0.8558615256629949
0.036659855326981364	0.026216114714226486	-452.0869703152405	-186.05466260206575	-14.15663535730912	-8.867421507356628	[0.018668248393874015, 0.007547866320352471]	2	3	(2, 22, 24)	3	(2, 22, 24)	0.9750524387357928
0.02840519708020414	0.015067036781921214	-384.67115011869015	-288.9288020056955	-14.284723132980897	-9.861426213860994	[0.00967967235165973, 0.005387364430261486]	2	3	(11, 13, 28)	3	(11, 13, 28)	0.9543262604126493
0.048632617863612594	0.03312111711931816	-404.49739744956196	-136.15906558120707	-13.481596626833875	-8.321408022734698	[0.022128231569334144, 0.010992885549984016]	2	3	(20, 21, 23)	3	(20, 21, 23)	0.9260668079023384
0.030708571651255148	0.01958758590928879	-450.63153198734017	-312.6115250636899	-14.416023864771287	-9.677820571099163	[0.015560981775696873, 0.004026604133591918]	2	3	(1, 3, 4)	3	(1, 3, 4)	0.8863057239301934
0.046960843937060105	0.03340799417832275	-287.6822534902317	-159.65581548788802	-13.032325125730669	-8.471980405961547	[0.025057046001606822, 0.008350948176715927]	2	3	(2, 7, 17)	3	(2, 7, 17)	0.8367240311364315
0.02938943822315519	0.022592391609288196	-496.25119077812803	-330.96847660186637	-14.66311783081052	-9.592165217830383	[0.018999609275667233, 0.0035927823336209643]	2	3	(19, 22, 28)	3	(19, 22, 28)	0.8180313720897715
0.036053533534312496	0.023611578889976368	-400.6957541372568	-228.8911149314557	-14.073657303593883	-9.179264466168178	[0.017824118462208643, 0.005787460427767724]	2	3	(0, 2, 26)	3	(0, 2, 26)	0.8755863704634844
0.030493152054753767	0.024902374520953265	-384.9667015137281	-181.6157721516422	-14.175078725229472	-8.894685431222046	[0.016683959382648224, 0.008218415138305039]	2	3	(0, 16, 28)	3	(0, 16, 28)	0.8051765296482253
0.0351465270381465	0.02544557233969165	-308.68951272469826	-196.8868708006604	-13.627387943458476	-8.953842829878253	[0.018435029949852248, 0.007010542389839401]	2	3	(4, 18, 24)	3	(4, 18, 24)	0.8069371285539179
0.014194504453294395	0.005033726248474428	-3621.3658530782877	-3457.7335534766275	-18.213655928426498	-13.439963375335282	[0.004725666467145117, 0.0003080597813293115]	2	3	(6, 25, 26)	3	(6, 25, 26)	0.9465613781015865
0.024378488947927147	0.0166306312648943	-577.9885279567507	-390.81268197185057	-15.057830133960948	-10.064737398045239	[0.013471913712433413, 0.0031587175524608866]	2	3	(12, 20, 22)	3	(12, 20, 22)	0.9631818211923303
0.029545017212962207	0.023470522950612166	-448.2853191129983	-194.2472584568574	-14.4408563888677	-9.021141863375172	[0.01584479716845057, 0.0076257257821615975]	2	3	(17, 24, 27)	3	(17, 24, 27)	0.8251243718765023
0.02187538021452438	0.017339092137153757	-616.7100440513324	-249.77371270388144	-15.321103699963654	-9.575347024348808	[0.011065756775364276, 0.006273335361789483]	2	3	(4, 11, 21)	3	(4, 11, 21)	0.8850467639179201
0.043998817912617186	0.036808639233917015	-476.9621904263043	-190.04363130459095	-14.074301478987785	-8.549276383811096	[0.030447316667254656, 0.00636132256666236]	2	3	(12, 23, 27)	3	(12, 23, 27)	0.9140945247753175
0.024093646268289304	0.011190927260914767	-1519.019067127947	-1398.0148506410733	-16.2882241690721	-11.735460440465088	[0.010422920844297589, 0.0007680064166171778]	2	3	(19, 21, 22)	3	(19, 21, 22)	0.8670562344660011
0.025527466727082886	0.015601228003319869	-385.69166127696343	-274.10668037631103	-14.438029515448196	-9.773923024715511	[0.009783780823254876, 0.005817447180064992]	2	3	(11, 13, 14)	3	(11, 13, 14)	0.9954380863747173
0.02215268706418152	0.013349294662559744	-523.209885975677	-406.5201175739644	-15.07092572218648	-10.323925147286985	[0.010097065901999215, 0.003252228760560529]	2	3	(4, 14, 26)	3	(4, 14, 26)	0.9024932152903187
0.05282946002639491	0.04196398547429378	-589.7094833353659	-101.61569313031737	-13.638978305313413	-7.792141500420545	[0.026204679122084358, 0.01575930635220942]	2	3	(6, 18, 23)	3	(6, 18, 23)	0.7868498622914317
0.01984937444807225	0.014209930405689224	-495.88722360956706	-308.73317312577984	-15.193599954810374	-9.986291620903472	[0.009215404966054047, 0.004994525439635176]	2	3	(1, 6, 14)	3	(1, 6, 14)	0.8925848039814092
0.04480971268140083	0.028949724213361838	-409.2625679090784	-213.63679089985072	-13.794100174623878	-8.906471935611835	[0.02307791718252608, 0.005871807030835759]	2	3	(1, 6, 23)	3	(1, 6, 23)	0.8428671739496133
0.032284301697492204	0.02935559470423864	-527.1654384483224	-170.4320871290949	-14.533539703382168	-8.666609032043441	[0.021250129687130206, 0.008105465017108434]	2	3	(5, 19, 28)	3	(5, 19, 28)	0.7986520688513763
0.03468804101740209	0.02462104962204906	-535.33466296499	-373.0610436248495	-14.535719790183268	-9.625895588316869	[0.02155993809229085, 0.0030611115297582113]	2	3	(2, 7, 21)	3	(2, 7, 21)	0.8936971697128286
0.03663681384796287	0.03151493285504918	-439.2513356743783	-134.4315233655408	-13.970574198750942	-8.358348736028034	[0.019481258340663794, 0.012033674514385383]	2	3	(11, 17, 20)	3	(11, 17, 20)	0.8222136255946854
0.017454222151072864	0.010474057405089839	-995.781527811808	-851.0827867934178	-16.274117741477212	-11.305363208037342	[0.009125437928261098, 0.00134861947682874]	2	3	(6, 10, 24)	3	(6, 10, 24)	0.9678325780984854
0.03386881218135644	0.026286458237744222	-413.2136203732865	-174.70256055100333	-14.042717810825469	-8.801786242184736	[0.017863441193249043, 0.00842301704449518]	2	3	(17, 20, 25)	3	(17, 20, 25)	0.8411328648502513
0.03662876438848916	0.027897954807772542	-316.1128423158393	-187.82449209011483	-13.60857677050172	-8.814709871308693	[0.020734397913263317, 0.007163556894509224]	2	3	(4, 18, 28)	3	(4, 18, 28)	0.7902817269776677
0.013187978836241107	0.00707064448231182	-804.6835264455087	-615.8302441879039	-16.516420933795022	-11.37477499383782	[0.00454379650671417, 0.0025268479755976504]	2	3	(6, 22, 25)	3	(6, 22, 25)	0.9485122693827847
0.044826772528329645	0.030483603843536156	-253.4028896915154	-136.23013256473826	-12.966671796930104	-8.404911925689111	[0.018165331462813197, 0.012318272380722958]	2	3	(1, 2, 3)	3	(1, 2, 3)	0.906355899737154
0.055269747774578	0.04270875545646202	-370.8051575916921	-96.8369602133717	-13.024810932440225	-7.726380075741544	[0.0252237050542425, 0.01748505040221952]	2	3	(5, 18, 23)	3	(5, 18, 23)	0.7873656039174115
0.028301283153049264	0.021978772943177065	-532.0117755633322	-219.87183862741688	-14.71058183682227	-9.210722982535728	[0.015550621913799226, 0.006428151029377837]	2	3	(1, 10, 16)	3	(1, 10, 16)	0.8814683092418839
0.017356015822708005	0.012697218663168242	-634.1376996871592	-360.3643770074842	-15.786819887083478	-10.253487990319757	[0.008600375612569645, 0.0040968430505985975]	2	3	(1, 21, 25)	3	(1, 21, 25)	0.8966837318985408
0.035765529004339665	0.02756957275913915	-458.4259420325369	-168.5070632162284	-14.115605079709152	-8.71802021776303	[0.01892380878777245, 0.0086457639713667]	2	3	(5, 15, 17)	3	(5, 15, 17)	0.8683829297931207
0.040451790360419355	0.026774964965105792	-822.2349422901436	-526.0506277214074	-14.579266970302019	-9.885685429668824	[0.024715616087127506, 0.002059348877978288]	2	3	(13, 19, 20)	3	(13, 19, 20)	0.8351203531303403
0.022217171447683388	0.0131310497254097	-491.29534861625285	-359.2687868290053	-14.985711818783894	-10.21684646341593	[0.009126138347237626, 0.004004911378172073]	2	3	(4, 11, 25)	3	(4, 11, 25)	0.9083653886138136
0.031456989549590635	0.025463743234438986	-640.6621057731107	-431.479063247765	-14.939022583196925	-9.737718661010017	[0.022884976572715425, 0.0025787666617235593]	2	3	(9, 19, 28)	3	(9, 19, 28)	0.8099684264141155
0.02433051701134805	0.015762804513605917	-1880.6530193597114	-1412.9457383046552	-16.408735409711763	-11.403534239194107	[0.015020065603258824, 0.000742738910347094]	2	3	(16, 25, 27)	3	(16, 25, 27)	0.8598833838056916
0.04059764174844393	0.03191916699860371	-354.9484211810694	-199.6084642366576	-13.671041910868944	-8.740906372249555	[0.02569608288259924, 0.006223084116004476]	2	3	(2, 14, 28)	3	(2, 14, 28)	0.8621807392829671
0.0251189905227401	0.018076396432895436	-965.8255311284084	-647.7082775062117	-15.797459158355913	-10.486588662176448	[0.016371736892269798, 0.0017046595406256392]	2	3	(6, 17, 22)	3	(6, 17, 22)	0.842819109576109
0.019834113125135396	0.012427728202550803	-509.9483407474259	-335.7099489249008	-15.225015754039708	-10.204072697359681	[0.007475951258455835, 0.004951776944094969]	2	3	(1, 5, 22)	3	(1, 5, 22)	0.8919289390795234
0.02653286398778968	0.01641784968662915	-361.835848112132	-244.46023271599432	-14.284260171407226	-9.608438788806867	[0.008685217060887535, 0.007732632625741615]	2	3	(3, 5, 24)	3	(3, 5, 24)	0.9489750952560626
0.017829052399242887	0.009768911850535947	-588.8156785982209	-429.80130680050047	-15.601134623680274	-10.691873220427578	[0.005947003583409509, 0.003821908267126438]	2	3	(0, 12, 21)	3	(0, 12, 21)	0.9816920722566257
0.03313722525919192	0.022734654857706007	-340.5294017602679	-206.86993023298254	-13.857561161402295	-9.115955112324128	[0.01576253243598926, 0.0069721224217167465]	2	3	(4, 7, 18)	3	(4, 7, 18)	0.8347737151623141
0.030809087724491438	0.025058800841060658	-523.8802824566928	-195.0456443218012	-14.521474995750422	-8.959763786791042	[0.017868808335093984, 0.007189992505966675]	2	3	(3, 6, 16)	3	(3, 6, 16)	0.8298643151087951
0.028585463746392672	0.021908296403955946	-405.82716658831237	-203.16624392076795	-14.315137156238062	-9.134914462134551	[0.014441128244633821, 0.007467168159322123]	2	3	(6, 13, 15)	3	(6, 13, 15)	0.8734730776872599
0.019801280920701374	0.014106442454213235	-559.7674980574577	-378.2046495812234	-15.378136332581164	-10.196559124427491	[0.010581605029769094, 0.003524837424444141]	2	3	(1, 9, 10)	3	(1, 9, 10)	0.8735506234068587
0.03776474521875226	0.016940563107755213	-865.6120049818409	-738.1572289878475	-15.08715413934213	-10.682201198320948	[0.015455685367554109, 0.0014848777402011054]	2	3	(0, 16, 18)	3	(0, 16, 18)	0.867327886044694
0.024340080401475013	0.017112197826445616	-649.5556959733877	-474.1143697848194	-15.305504709829894	-10.229412325639672	[0.014648213011049637, 0.0024639848153959793]	2	3	(1, 9, 28)	3	(1, 9, 28)	0.8594207258798582
0.03608052333928831	0.026344938665563217	-286.8317602373596	-167.79969660626583	-13.470428900961066	-8.759250089411903	[0.01723592182827799, 0.009109016837285228]	2	3	(12, 19, 20)	3	(12, 19, 20)	0.8373793329117375
0.03493821685643811	0.0270498339580105	-440.2349669211222	-158.45237096429065	-14.109141496564781	-8.675528461555073	[0.017019293513604844, 0.010030540444405657]	2	3	(9, 15, 17)	3	(9, 15, 17)	0.8414548529593117
0.05871137226869645	0.03925491815896637	-194.95060065492726	-111.0395465321366	-12.163380128940686	-7.947564952116118	[0.025259083146648577, 0.013995835012317789]	2	3	(4, 18, 23)	3	(4, 18, 23)	0.7947647771858654
0.026003010082221067	0.0185204087893816	-555.9557762459382	-285.15254623535145	-15.037487317125933	-9.641906264169021	[0.013821153743126787, 0.004699255046254813]	2	3	(18, 21, 26)	3	(18, 21, 26)	0.8392986669436819
0.029160448362716238	0.02051322583169212	-399.79153699505673	-245.4123877519235	-14.269413717104147	-9.389625449183514	[0.014905413905577466, 0.005607811926114655]	2	3	(13, 15, 27)	3	(13, 15, 27)	0.8510642175556828
0.028883420812607044	0.023202113110030054	-533.3384612208108	-286.4184899719535	-14.838349062164536	-9.420965915089258	[0.01892067254760356, 0.004281440562426494]	2	3	(5, 18, 27)	3	(5, 18, 27)	0.8403975919781486
0.024705802161463883	0.016767268392144576	-481.32055594307843	-339.27712056899907	-14.809311349162794	-9.915143841232423	[0.012951429419271944, 0.003815838972872633]	2	3	(11, 20, 25)	3	(11, 20, 25)	0.9439807895301627
0.024415976417302462	0.01762454836637219	-544.1448650554801	-328.7052948388497	-14.994576341649545	-9.83362414417919	[0.013715139824771815, 0.003909408541600376]	2	3	(12, 20, 21)	3	(12, 20, 21)	0.9661178771130318
0.029521982487537967	0.025099642900475325	-508.99264819982534	-181.92256816161103	-14.599707311457518	-8.888482806904232	[0.016969006195904024, 0.008130636704571302]	2	3	(17, 24, 26)	3	(17, 24, 26)	0.8213640056830309
0.04981800274036177	0.035878253300764634	-304.5038549165809	-193.43389000670226	-13.132859394682669	-8.592559725052833	[0.029615237522119402, 0.006263015778645231]	2	3	(7, 15, 23)	3	(7, 15, 23)	0.9038404956601075
0.017114446124318644	0.011542206837049554	-570.7909842829666	-388.66541608105285	-15.62241594025523	-10.424463663078814	[0.007670737330830936, 0.003871469506218618]	2	3	(0, 6, 9)	3	(0, 6, 9)	0.9035278192810389
0.020619754775506344	0.015495508524880124	-547.4906971355784	-275.4894317781673	-15.260558912056993	-9.785754337342862	[0.009692104653290727, 0.005803403871589397]	2	3	(5, 21, 28)	3	(5, 21, 28)	0.8647660586023557
0.021019184609918726	0.008153223303437044	-805.6045823953234	-633.0346036992551	-15.814522899421295	-11.259867019405181	[0.006010306833986371, 0.0021429164694506723]	2	3	(0, 1, 7)	3	(0, 1, 7)	0.9582911496220937
0.021633818815942753	0.015967550687661647	-641.9459129758293	-444.83232838283215	-15.485693218708946	-10.234894119118717	[0.013260612202430435, 0.0027069384852312136]	2	3	(6, 20, 22)	3	(6, 20, 22)	0.9442389149219294
0.034383856305252314	0.027576058198426234	-375.84620903293956	-173.35798470272547	-13.92531259581753	-8.746166071529913	[0.019359359805368417, 0.008216698393057819]	2	3	(3, 5, 19)	3	(3, 5, 19)	0.8356051469622717
0.02570234348734419	0.01661099675923202	-397.3893026099497	-263.80572319517665	-14.48300896319531	-9.67290328282417	[0.010757951029665081, 0.005853045729566939]	2	3	(9, 14, 20)	3	(9, 14, 20)	0.9243060220068392
0.020151713719215557	0.01190351994981595	-534.7751079041211	-387.2360295645039	-15.287412271309467	-10.389955531135536	[0.008115956204982056, 0.0037875637448338923]	2	3	(4, 6, 26)	3	(4, 6, 26)	0.9012835174513679
0.01768097411609424	0.011859254095317316	-547.4133892503767	-365.7148960337164	-15.513700025060022	-10.336500837118496	[0.007582770454619654, 0.004276483640697662]	2	3	(7, 14, 27)	3	(7, 14, 27)	0.9011673894362991
0.03284630072245813	0.022454329141587605	-1389.4677660316233	-1251.0651045738728	-15.749461089706521	-10.928022399707775	[0.02162433025807418, 0.0008299988835134248]	2	3	(2, 21, 22)	3	(2, 21, 22)	0.8755774078705733
0.03253671859229595	0.028622739770263146	-447.09914825363273	-187.41117481368696	-14.340692299226191	-8.786858779051949	[0.021528595382192144, 0.007094144388071002]	2	3	(11, 19, 28)	3	(11, 19, 28)	0.8017744457696829
0.036802539054688714	0.02644727950055087	-417.2864712183368	-227.08980259669707	-14.10952734183359	-9.057947525791995	[0.02086581758299283, 0.005581461917558041]	2	3	(2, 10, 12)	3	(2, 10, 12)	0.9127406937234079
0.03364078066592568	0.022563519243331755	-514.2297229255053	-264.75567094432375	-14.607011410537204	-9.37022827393923	[0.017766678153491408, 0.004796841089840347]	2	3	(2, 10, 21)	3	(2, 10, 21)	0.8938268512503361
0.02813088802023871	0.020306183180868423	-434.4906285559464	-244.02245676354391	-14.43490045125518	-9.394090106096328	[0.014610766471012249, 0.005695416709856173]	2	3	(13, 15, 22)	3	(13, 15, 22)	0.8757401247353354
0.034022792174089725	0.026538279708534385	-453.34921383342214	-167.52797229870453	-14.169254909124135	-8.750317407118867	[0.01747140544886954, 0.009066874259664844]	2	3	(5, 15, 16)	3	(5, 15, 16)	0.8540254232162999
0.02754208285650752	0.01789731024760776	-398.48715739869084	-229.1482021070138	-14.376517847415865	-9.45747380792572	[0.010353924386712112, 0.007543385860895648]	2	3	(20, 27, 28)	3	(20, 27, 28)	0.8494550437338413
0.017128215646209123	0.010416047848277536	-628.0573691021972	-464.36548130069247	-15.739555226565805	-10.705079517187777	[0.0073743116072722634, 0.0030417362410052728]	2	3	(5, 7, 21)	3	(5, 7, 21)	0.9262336862725414
0.03594508254994203	0.026554204927009526	-297.5046995699684	-164.39936535545849	-13.521273072958644	-8.730865788415837	[0.017118833650093826, 0.0094353712769157]	2	3	(14, 17, 20)	3	(14, 17, 20)	0.8454326669589025
0.042702362655713644	0.03097269372872581	-430.83016776778084	-209.82303523827622	-13.956278376803859	-8.820913796245204	[0.025089134438825194, 0.0058835592899006165]	2	3	(5, 21, 23)	3	(5, 21, 23)	0.8752439784512135
0.025156477992115418	0.0173797110183523	-960.1102897976228	-649.1369987125125	-15.842061882761662	-10.528095572969843	[0.015671261149229232, 0.00170844986912307]	2	3	(6, 17, 21)	3	(6, 17, 21)	0.8578264544081208
0.033363036290683434	0.023497342811629168	-490.11667989928804	-311.84832627761153	-14.30487773824709	-9.493384871953264	[0.01966590918818261, 0.0038314336234465574]	2	3	(4, 9, 18)	3	(4, 9, 18)	0.8107613341652152
0.02178772404492131	0.011696213816607225	-570.2600696469535	-418.8393240558504	-15.293668981092637	-10.485977466537976	[0.008353112759421001, 0.0033431010571862243]	2	3	(4, 9, 27)	3	(4, 9, 27)	0.860587478714308
0.057770399302785956	0.04247696242942646	-196.25011659451206	-101.49438279419057	-12.205742951741158	-7.778796865525011	[0.026944415158774115, 0.015532547270652343]	2	3	(3, 16, 23)	3	(3, 16, 23)	0.8002505823878677
0.02800256299721073	0.017567561869373388	-663.0209144259854	-563.1683028426854	-14.948250742750222	-10.375279675891523	[0.015563209229123697, 0.0020043526402496897]	2	3	(0, 1, 20)	3	(0, 1, 20)	0.9575529983566464
0.044965423370597946	0.03401053698604779	-397.847431519809	-127.25788129397877	-13.479888137383288	-8.227300480049543	[0.021687397717232763, 0.01232313926881503]	2	3	(2, 6, 19)	3	(2, 6, 19)	0.8212416394564839
0.020728266879006755	0.012317687892495242	-554.8583530191734	-417.9991847948127	-15.278368164527993	-10.432198491824089	[0.009067993036780091, 0.0032496948557151502]	2	3	(9, 14, 24)	3	(9, 14, 24)	0.9161419053423918
0.035948290902485955	0.027773776365665116	-301.3765004363677	-169.37328311130835	-13.56326908390254	-8.715768054638872	[0.01925959567171115, 0.008514180693953969]	2	3	(3, 17, 24)	3	(3, 17, 24)	0.8141479581907035
0.02451929860070596	0.018609236642054945	-520.3586981263085	-287.8047256572043	-15.000824860275557	-9.646379442119093	[0.013986143265081546, 0.0046230933769734]	2	3	(8, 16, 27)	3	(8, 16, 27)	0.8139458977032236
0.01955460568194235	0.010225982412450318	-2986.8273687219303	-2093.6868424652716	-17.253588319088237	-12.229505332537066	[0.009723683176269106, 0.0005022992361812135]	2	3	(5, 6, 24)	3	(5, 6, 24)	0.9594840376565147
0.05279311434190461	0.041640500301946735	-298.60421344354995	-116.93515173435378	-12.926262520437538	-7.940301542830163	[0.02961705260179071, 0.012023447700156028]	2	3	(14, 16, 23)	3	(14, 16, 23)	0.813156367029232
0.017227930690056917	0.012233689333887937	-553.3685712784313	-349.62360971472845	-15.569196482749831	-10.260418887160416	[0.00767400914227416, 0.004559680191613777]	2	3	(0, 8, 9)	3	(0, 8, 9)	0.9016321780807462
0.0318405299002979	0.020701722196794673	-315.6425914075793	-204.09081647547586	-13.812393852157523	-9.196103457841668	[0.01273967907228914, 0.007962043124505533]	2	3	(1, 12, 19)	3	(1, 12, 19)	0.8757935354962596
0.0277652519518611	0.022879896515553548	-570.4361722558767	-227.1634795231348	-14.914715687755848	-9.203166567793572	[0.01693107349627096, 0.005948823019282587]	2	3	(0, 8, 18)	3	(0, 8, 18)	0.8311106810094024
0.038433736797042914	0.02622988924349222	-384.16966476623793	-292.9972091163599	-13.76969271507524	-9.321018791396522	[0.022196745842783763, 0.004033143400708456]	2	3	(3, 4, 17)	3	(3, 4, 17)	0.8268795584032248
0.028576472895594465	0.017470759493254107	-406.6366284353254	-298.5183703896566	-14.331181365870432	-9.746058154922437	[0.01295224511827104, 0.004518514374983068]	2	3	(12, 14, 16)	3	(12, 14, 16)	0.859425662463669
0.018075497318280606	0.01253006899972497	-601.2501117687661	-413.717558570037	-15.61433377556122	-10.404807518654795	[0.009259049845076028, 0.003271019154648941]	2	3	(6, 9, 12)	3	(6, 9, 12)	0.9073125346660883
0.014913738929517565	0.010631404336697197	-968.0249299450695	-519.9393900908165	-16.55659484089387	-10.797655231922707	[0.008110214273452428, 0.002521190063244768]	2	3	(6, 9, 21)	3	(6, 9, 21)	0.8814365024393537
0.023745142979485396	0.014836210078894506	-523.6176150508772	-312.18840586961915	-14.983327662848815	-9.954291329901704	[0.010157635040316195, 0.0046785750385783115]	2	3	(11, 15, 21)	3	(11, 15, 21)	0.9672993450563739
0.031384072340815014	0.02386752370493371	-365.41578461337156	-189.61441646445553	-14.029286576466788	-8.980229208039027	[0.016000785221900987, 0.007866738483032725]	2	3	(3, 16, 27)	3	(3, 16, 27)	0.8421842623935901
0.01765793939067	0.012095074969603454	-615.1252130413408	-393.7111045920316	-15.689136703081996	-10.390574339815128	[0.008466633238020362, 0.003628441731583093]	2	3	(7, 14, 26)	3	(7, 14, 26)	0.9165662503835609
0.026577313856503214	0.01982228692278848	-429.1183510348759	-233.66767270599001	-14.542112745609186	-9.374848275939428	[0.013571697998959716, 0.006250588923828761]	2	3	(1, 9, 13)	3	(1, 9, 13)	0.8768746142897923
0.028232999510532278	0.022146688845412068	-461.50937729117504	-266.9545657047566	-14.624837567840757	-9.397145759477787	[0.0173708391216107, 0.004775849723801369]	2	3	(11, 19, 27)	3	(11, 19, 27)	0.8642732460534459
0.016007945991845136	0.0076143438453658814	-794.9990238017641	-660.8162837166977	-16.2003686788118	-11.37119732675054	[0.005531098995677065, 0.0020832448496888164]	2	3	(6, 12, 22)	3	(6, 12, 22)	0.9189326753294788
0.02964780965921281	0.022754866964182104	-434.5521172531578	-184.0883937885663	-14.358595975063682	-8.998392267252122	[0.01379354999183642, 0.008961316972345684]	2	3	(1, 19, 26)	3	(1, 19, 26)	0.8628366448617903
0.01756895610312904	0.01140403633630966	-655.7881664618002	-370.66892506622827	-15.768062496357324	-10.389097200587624	[0.007023726744890249, 0.00438030959141941]	2	3	(9, 11, 22)	3	(9, 11, 22)	0.9173930263182043
0.027535715434007638	0.01742722352432132	-439.3454955224472	-253.67493983634023	-14.561843268572346	-9.585775408060293	[0.01140210485745874, 0.006025118666862584]	2	3	(7, 17, 27)	3	(7, 17, 27)	0.8791412863925645
0.017354026677700633	0.012660924360624895	-778.3118259655049	-345.08349707838437	-16.00643803902028	-10.213021258930324	[0.008170380530785795, 0.004490543829839101]	2	3	(5, 9, 21)	3	(5, 9, 21)	0.8815054104113321
0.03507828808385132	0.020368991129030747	-871.7785486834571	-500.8111787514373	-15.472541384965385	-10.109970718588247	[0.01812502150215061, 0.002243969626880137]	2	3	(6, 16, 19)	3	(6, 16, 19)	0.8778251182451449
0.018716964174271544	0.01352028246621811	-578.0843230525179	-308.81712703497396	-15.506828652841412	-10.036313595922564	[0.008145290891687253, 0.005374991574530857]	2	3	(22, 27, 28)	3	(22, 27, 28)	0.8528014868289299
0.03462371235769736	0.012862728213201845	-735.0440742862559	-539.7061233209098	-15.189418755919547	-10.644446210803	[0.010618201456808633, 0.002244526756393212]	2	3	(16, 19, 22)	3	(16, 19, 22)	0.8364765799207495
0.016043467825357392	0.006682418351097499	-1914.6993266327318	-1549.5651653347168	-17.347542794167804	-12.354004960403994	[0.005958694858678446, 0.0007237234924190531]	2	3	(5, 10, 22)	3	(5, 10, 22)	0.9680179041289584
0.01808439424577064	0.012896764560857612	-649.4047477598525	-426.61638069064054	-15.725573907414098	-10.40666401185172	[0.00981754823259656, 0.003079216328261052]	2	3	(7, 21, 24)	3	(7, 21, 24)	0.8990999995951431
0.04308261531293479	0.033009552394856354	-328.6943850211301	-141.6440213123022	-13.391930307801754	-8.36427531081099	[0.02277867290595071, 0.010230879488905642]	2	3	(2, 9, 15)	3	(2, 9, 15)	0.8672679856998352
0.015465688820416882	0.011925168691402747	-834.3596512770765	-399.74993041108627	-16.354709581300707	-10.41994327391117	[0.008354412188366453, 0.003570756503036295]	2	3	(9, 21, 26)	3	(9, 21, 26)	0.8707256602169924
0.03025233479316052	0.018476593249932838	-320.6304442789735	-219.72658533752275	-13.89951989629223	-9.383634557233329	[0.010359503312201715, 0.008117089937731125]	2	3	(3, 5, 13)	3	(3, 5, 13)	0.9506479408385548
0.03872740665341683	0.022145012205519884	-419.633996821295	-329.89120122830735	-13.906499354386556	-9.608905897295644	[0.018520469722384157, 0.003624542483135728]	2	3	(2, 9, 24)	3	(2, 9, 24)	0.9359415768830607
0.0199719242584423	0.009980942192449653	-774.4567430009629	-604.1874516108958	-15.85904941221186	-11.010962285189109	[0.007886190333364981, 0.0020947518590846716]	2	3	(0, 1, 10)	3	(0, 1, 10)	0.917634869590957
0.02949359932122874	0.0196975339432362	-375.53419957199634	-250.14073829201448	-14.191705552518663	-9.449285544251932	[0.014121050352786643, 0.005576483590449557]	2	3	(0, 12, 19)	3	(0, 12, 19)	0.8804963925201698
0.030879478706335936	0.01812070302544361	-677.2840695481457	-529.8406081460901	-14.767941590843392	-10.283276402774295	[0.015980588391072796, 0.0021401146343708157]	2	3	(0, 1, 19)	3	(0, 1, 19)	0.8949623864710107
0.025598345455579572	0.015890629401245172	-437.7078114834841	-260.6368187044944	-14.639314421320375	-9.705153628394225	[0.009414855633662655, 0.0064757737675825155]	2	3	(8, 20, 24)	3	(8, 20, 24)	0.9360480871369607
0.04125414778063282	0.034267199453160084	-575.6697588450334	-235.39399547683053	-14.545895111364622	-8.834827353261947	[0.029298567264402123, 0.00496863218875796]	2	3	(6, 23, 27)	3	(6, 23, 27)	0.8621907731732451
0.030586437091358627	0.01865929582061678	-397.7071451405533	-311.781006300496	-14.163079203619532	-9.723711860125475	[0.014544519693531762, 0.004114776127085017]	2	3	(13, 14, 15)	3	(13, 14, 15)	0.8838336553135736
0.03239682040897243	0.025304663855707628	-418.72693270994637	-203.94146187672172	-14.203444889968068	-8.994599559195787	[0.018652617665352332, 0.006652046190355296]	2	3	(1, 11, 17)	3	(1, 11, 17)	0.8978777491323721
0.016845759438203555	0.005981415320535008	-1388.3002119749	-1282.335710688412	-16.811565474234794	-12.27553653135968	[0.005059490682207872, 0.0009219246383271361]	2	3	(14, 26, 27)	3	(14, 26, 27)	0.871775303805828
0.03463627320005602	0.027495981936647935	-358.2543543732386	-173.9254370836176	-13.851384473093642	-8.752342081244118	[0.019308263046060016, 0.008187718890587921]	2	3	(3, 11, 19)	3	(3, 11, 19)	0.8441207319308773
0.026506155091530103	0.014970641720136298	-494.11276763038154	-322.60112011171606	-14.805591023280254	-9.978080852215866	[0.010587575612056496, 0.004383066108079802]	2	3	(7, 17, 22)	3	(7, 17, 22)	0.8578028761484409
0.030583008196920145	0.024161020147651605	-535.5897517730436	-325.9580451694168	-14.677195510481395	-9.509783359437861	[0.020554920116850874, 0.0036061000308007293]	2	3	(9, 17, 24)	3	(9, 17, 24)	0.8146168737282906
0.032743368097176366	0.021845740581868386	-312.73557252886815	-196.819245988163	-13.759936196273761	-9.106035089980416	[0.013806474047654808, 0.008039266534213578]	2	3	(1, 12, 18)	3	(1, 12, 18)	0.8604491595138004
0.03181132297992844	0.022517920867054973	-319.96420158754506	-178.21221211785814	-13.817605510189455	-8.976418846907638	[0.011899004865863837, 0.010618916001191135]	2	3	(3, 12, 20)	3	(3, 12, 20)	0.975302639121138
0.021168055851414253	0.014622319261494736	-448.3163562712035	-278.79720548612437	-14.938788739797538	-9.85569085649691	[0.008313749438937614, 0.006308569822557121]	2	3	(1, 12, 27)	3	(1, 12, 27)	0.9859858122008047
0.020886649689932354	0.011643260947514528	-588.2558863609488	-444.6454696656025	-15.314066467911985	-10.550304993037003	[0.008597578621032513, 0.003045682326482015]	2	3	(12, 22, 28)	3	(12, 22, 28)	0.8865454902434973
0.022072307789311792	0.010157922265428726	-715.0029387824427	-598.0793902167211	-15.512980858128152	-10.983224863877847	[0.008047396566546109, 0.0021105256988826174]	2	3	(0, 1, 5)	3	(0, 1, 5)	0.9152489694955359
0.04266480238737082	0.023498481413552354	-668.5581545866094	-586.4604768475604	-14.34423349436966	-10.124924758288575	[0.02164754081830324, 0.0018509405952491114]	2	3	(3, 16, 17)	3	(3, 16, 17)	0.8503331356452964
0.037648566087360114	0.019614226466422177	-679.4718547730683	-428.63424461093274	-14.963516035721403	-9.992104114529962	[0.016907792679511632, 0.0027064337869105435]	2	3	(17, 18, 25)	3	(17, 18, 25)	0.847732538325606
0.053232428745121706	0.042356433368464445	-416.75657649538647	-99.71505311976179	-13.247778416550567	-7.7639516096151535	[0.026050807980288682, 0.016305625388175763]	2	3	(5, 16, 23)	3	(5, 16, 23)	0.7962232826379846
0.049712854780321676	0.03655979313568547	-235.13647635612284	-115.79400648566592	-12.67435802253241	-8.060618996961894	[0.02257213496404125, 0.013987658171644216]	2	3	(2, 4, 16)	3	(2, 4, 16)	0.8071647239379897
0.01715250547587792	0.01175421536260083	-707.0743023211242	-505.86692502696775	-15.91866700666357	-10.669816989145616	[0.009239340450661764, 0.0025148749119390653]	2	3	(8, 24, 25)	3	(8, 24, 25)	0.9088040339059837
0.06120000298247693	0.04022063369617293	-175.92169461207754	-106.16554071389294	-11.954747256225309	-7.878374719781278	[0.025167643455467136, 0.01505299024070579]	2	3	(18, 20, 23)	3	(18, 20, 23)	0.8105599880847026
0.03627173701931207	0.02461500778357388	-462.75611035369025	-292.9606610729245	-14.225455563573092	-9.384437287012691	[0.020520487857821842, 0.004094519925752041]	2	3	(2, 5, 8)	3	(2, 5, 8)	0.9676852248535975
0.038434000514382796	0.022914250387324163	-1580.8210004735452	-1332.2205454534183	-16.1046584237897	-10.970598686365634	[0.02213727851247686, 0.0007769718748473027]	2	3	(9, 17, 19)	3	(9, 17, 19)	0.8244810316947836
0.036710202344473135	0.024245708280072602	-385.0683994233537	-235.3740948045185	-13.964323702205682	-9.180691796613566	[0.018752661486714093, 0.00549304679335851]	2	3	(2, 5, 26)	3	(2, 5, 26)	0.9246755388428157
0.031004219837880598	0.02469595844848014	-435.0712995585057	-258.41808376802527	-14.375399606653945	-9.25569442738603	[0.01989163114858822, 0.004804327299891918]	2	3	(17, 26, 28)	3	(17, 26, 28)	0.8058419480227679
0.025708427883014726	0.017650904322728818	-594.1129041845468	-329.44391255064	-15.175600823017108	-9.834374380076994	[0.013756043626746399, 0.0038948606959824193]	2	3	(17, 21, 26)	3	(17, 21, 26)	0.8509184321499812
0.017739599440869967	0.01239075552900798	-545.3109216410073	-342.5312353432266	-15.498753422003457	-10.227167457891358	[0.007681519159739959, 0.00470923636926802]	2	3	(0, 11, 22)	3	(0, 11, 22)	0.9929103334302276
0.04609440606706177	0.024385745006280192	-481.0258143626769	-414.0915118266154	-13.772159034057655	-9.739843530919043	[0.02166791294275651, 0.0027178320635236845]	2	3	(17, 18, 20)	3	(17, 18, 20)	0.8470377839059128
0.0291128029819865	0.02442573406595889	-552.5293612679627	-321.2646486901089	-14.901069011735402	-9.484383261832544	[0.02076413446082693, 0.003661599605131959]	2	3	(11, 18, 26)	3	(11, 18, 26)	0.8265892475408526
0.045671351428134714	0.033155519118888525	-688.3435435554317	-362.99333724839124	-14.2771987420499	-9.300930566359266	[0.03012334619400924, 0.003032172924879282]	2	3	(8, 23, 28)	3	(8, 23, 28)	0.9171300874869742
0.02166618620387339	0.015712914998270048	-645.3820256561344	-406.4183226512608	-15.429805895246089	-10.160655273944268	[0.012658748486141522, 0.0030541665121285254]	2	3	(3, 7, 21)	3	(3, 7, 21)	0.9952078310832295
0.025617419655664716	0.01801320191654482	-442.0201972697653	-249.82479991769367	-14.659981961740051	-9.537410221971145	[0.01200918702907363, 0.00600401488747119]	2	3	(7, 13, 24)	3	(7, 13, 24)	0.8766254523893625
0.04421430984463767	0.03362685011724308	-293.478586694135	-173.15745867158182	-13.222438999627308	-8.546631766779441	[0.02622050529065969, 0.0074063448265833925]	2	3	(2, 12, 15)	3	(2, 12, 15)	0.8817727250881063
0.03358853694351613	0.023029217954717754	-351.18561603702926	-200.65226559000817	-13.844747229891492	-9.072564911304937	[0.015735324384288665, 0.007293893570429087]	2	3	(7, 16, 20)	3	(7, 16, 20)	0.8473575046992514
0.03261420637838987	0.027120374675746833	-445.90642027481334	-198.49378115720395	-14.285460770139924	-8.89822777098161	[0.02043389284738222, 0.006686481828364613]	2	3	(13, 17, 25)	3	(13, 17, 25)	0.8198079966545683
0.021723286983652255	0.01624080167181278	-505.45784159989586	-302.7499019324257	-15.111842772659873	-9.833135639949614	[0.011627055352070075, 0.0046137463197427064]	2	3	(0, 4, 10)	3	(0, 4, 10)	0.8956831896191378
0.017150990900060937	0.010220866833434167	-584.2964237259899	-419.11821080152896	-15.657857966171012	-10.621476886591948	[0.006425702541542356, 0.0037951642918918112]	2	3	(8, 12, 27)	3	(8, 12, 27)	0.8807817458922441
0.03263084143154588	0.027747480322935045	-427.1808852379436	-153.0080464949752	-14.158645139404651	-8.61510075356568	[0.017210523463874874, 0.010536956859060169]	2	3	(0, 4, 19)	3	(0, 4, 19)	0.8443408373511166
0.05094687969113557	0.04070995470496748	-232.02085282436911	-99.68443970493006	-12.60103097397676	-7.803292222717786	[0.022791541486199583, 0.0179184132187679]	2	3	(2, 13, 16)	3	(2, 13, 16)	0.7967968398988289
0.026578022134163562	0.012349302192819826	-527.8752580596545	-367.9726377308565	-14.935926398626618	-10.302164301522463	[0.008311455818536028, 0.004037846374283797]	2	3	(3, 4, 6)	3	(3, 4, 6)	0.9716086462541794
0.02975628158611146	0.013659568045826126	-741.2321555380529	-561.5517190806681	-15.26027748983801	-10.62401892588571	[0.011554322722630355, 0.0021052453231957713]	2	3	(13, 20, 26)	3	(13, 20, 26)	0.8941903070476235
0.0191715399004255	0.012694658590564845	-533.6092986927308	-343.1961088826879	-15.364805072795177	-10.204875987202826	[0.008163663886519637, 0.004530994704045207]	2	3	(6, 27, 28)	3	(6, 27, 28)	0.8471006059789691
0.036682374071832974	0.027673259369314564	-282.30541314281413	-154.86901288665862	-13.42764227018046	-8.629868379271974	[0.01740932591396394, 0.010263933455350623]	2	3	(1, 3, 17)	3	(1, 3, 17)	0.8592139803887383
0.025378609299852934	0.02027787862651737	-454.69472592312724	-207.16566883148573	-14.66508125263287	-9.231743515635007	[0.012356068668148389, 0.00792180995836898]	2	3	(1, 3, 26)	3	(1, 3, 26)	0.9000962815636315
0.0160694650685858	0.007444626004304896	-858.3891529872285	-709.8501156287116	-16.283625628907096	-11.46531669158814	[0.005557527257982789, 0.0018870987463221072]	2	3	(8, 11, 22)	3	(8, 11, 22)	0.9165683958914315
0.03339835664484703	0.026214447499776614	-377.99233888136393	-172.4520320891765	-13.96983901761344	-8.791563711864349	[0.017555732787391434, 0.00865871471238518]	2	3	(3, 18, 26)	3	(3, 18, 26)	0.8356975660814078
0.017378925127453235	0.012542388168321816	-626.8246041524876	-409.3447002928145	-15.746391341526145	-10.393198906963127	[0.009218686689918947, 0.00332370147840287]	2	3	(10, 24, 25)	3	(10, 24, 25)	0.9681077960745812
0.037750372972454524	0.02400084757653691	-258.5787998257465	-168.28966573627005	-13.248385760425741	-8.85535282905531	[0.013181051698895628, 0.010819795877641283]	2	3	(1, 15, 18)	3	(1, 15, 18)	0.8779879291239722
0.032196252293281435	0.02229865916924086	-350.4662020742439	-223.64000784323648	-13.937740234923877	-9.21326638049289	[0.016109140405517135, 0.006189518763723725]	2	3	(3, 7, 16)	3	(3, 7, 16)	0.8510302539512441
0.028143764834308548	0.022552066860788644	-581.5006333519873	-327.55543429621315	-15.049784037734966	-9.583585866214158	[0.018911431972618326, 0.00364063488817032]	2	3	(11, 18, 21)	3	(11, 18, 21)	0.8312231623624072
0.02392820358338947	0.017708936709315733	-559.714557573848	-326.54425156255013	-15.172430111970435	-9.822251340638726	[0.013770793856213027, 0.003938142853102707]	2	3	(16, 22, 26)	3	(16, 22, 26)	0.828138158364146
0.03251855317339281	0.023997693377551244	-355.6184861800049	-190.1132372889245	-13.9333465940136	-8.977417442884386	[0.01621119791366342, 0.007786495463887824]	2	3	(3, 19, 27)	3	(3, 19, 27)	0.8528026903218221
0.021627422952822165	0.011335865471810893	-626.7531331962925	-359.57695336050176	-15.442480869173313	-10.36471185489605	[0.006442464646073761, 0.004893400825737132]	2	3	(15, 21, 27)	3	(15, 21, 27)	0.9269722976849885
0.02010655557284167	0.014388336406008385	-491.2864503238446	-294.357547559926	-15.150490799876192	-9.926132549002094	[0.008889922396060622, 0.005498414009947764]	2	3	(5, 24, 26)	3	(5, 24, 26)	0.9544989829734808
0.04895433321014103	0.026184129635854838	-457.6538794616962	-387.46155819509386	-13.64842353933404	-9.60221843005311	[0.02328144701865191, 0.002902682617202929]	2	3	(23, 24, 28)	3	(23, 24, 28)	0.9178281083355108
0.02709965700600736	0.0193180815335012	-488.1186020864774	-245.12797788846055	-14.745219834818172	-9.448494187527814	[0.01346547246522891, 0.00585260906827229]	2	3	(7, 13, 28)	3	(7, 13, 28)	0.8572566914833378
0.0410600463580915	0.02573622289468406	-671.326351382722	-509.7742730004865	-14.28355968062168	-9.893823854051272	[0.02359670711879505, 0.002139515775889006]	2	3	(13, 17, 20)	3	(13, 17, 20)	0.8344513450988004
0.047351551954954794	0.035273795076596524	-245.66141528206396	-123.48375647374124	-12.839816775390851	-8.160724560714586	[0.022677215943021717, 0.01259657913357481]	2	3	(2, 4, 15)	3	(2, 4, 15)	0.8687632911734947
0.02599575490982494	0.022074580437000873	-582.5860883565986	-316.7179294334962	-15.144719598186843	-9.57134010417061	[0.018256975589431054, 0.0038176048475698186]	2	3	(9, 16, 26)	3	(9, 16, 26)	0.8165061100758363
0.04134133853546235	0.032571813179627596	-312.93458909578976	-166.9559886334858	-13.454696670389295	-8.542038227573105	[0.024660782179923853, 0.00791103099970374]	2	3	(2, 12, 28)	3	(2, 12, 28)	0.8489488131972821
0.016530965119171105	0.01146240077872495	-608.3495085411114	-350.6862975386657	-15.760742843715558	-10.328575182237376	[0.006132489566366856, 0.005329911212358095]	2	3	(11, 22, 27)	3	(11, 22, 27)	0.9056070839729878
0.017075990685639083	0.007041048553666503	-716.0035787830551	-606.757750711873	-15.993754611544471	-11.364127796289935	[0.004409180261506779, 0.002631868292159724]	2	3	(8, 11, 26)	3	(8, 11, 26)	0.9056591073789245
0.034877401663279184	0.029023961328082784	-381.55667065243097	-150.55198963874577	-13.931820770845734	-8.553942008102785	[0.01873263674694009, 0.010291324581142696]	2	3	(1, 18, 28)	3	(1, 18, 28)	0.8059172739419435
0.027273352422264183	0.020336186921898654	-368.23652022168744	-209.32732569047278	-14.274014963627302	-9.23925255135989	[0.01266608200577291, 0.007670104916125745]	2	3	(5, 12, 20)	3	(5, 12, 20)	0.9233894918373902
0.020053152611368082	0.011983768199318822	-585.4235545095546	-444.8994420343075	-15.404160519369661	-10.522050478581683	[0.008986340995304256, 0.0029974272040145665]	2	3	(4, 8, 10)	3	(4, 8, 10)	1.0217404733353959
0.020142952902913937	0.011570920956137357	-519.9308955444501	-356.5662751193329	-15.245582065619775	-10.335780269854599	[0.006795700281236387, 0.00477522067490097]	2	3	(14, 22, 28)	3	(14, 22, 28)	0.8813179835691631
0.031488992830915274	0.0233541504794046	-444.7023608660394	-202.63002410921604	-14.271418211690133	-9.068362334797758	[0.016270434865912554, 0.007083715613492047]	2	3	(3, 19, 22)	3	(3, 19, 22)	0.8543989673685113
0.020597862610344634	0.008864853276270958	-1582.3239115400172	-1460.8922535971496	-16.584665952181073	-12.012463551130685	[0.008117300721344901, 0.0007475525549260566]	2	3	(15, 21, 22)	3	(15, 21, 22)	0.9274920166233366
0.049182264886214654	0.031539393478110814	-340.7848249939783	-135.54497253103722	-13.243318485898632	-8.365821413726938	[0.019769385765291615, 0.011770007712819198]	2	3	(7, 13, 23)	3	(7, 13, 23)	0.8473764844905496
0.06342394641566967	0.04282179380417784	-246.68822572477228	-95.07431092298434	-12.343668516052372	-7.705366911028719	[0.024243404017948993, 0.018578389786228847]	2	3	(2, 12, 23)	3	(2, 12, 23)	0.8923991583408574
0.03223588888500371	0.027017487567499356	-396.44407929101703	-171.19153903754147	-14.134050508119019	-8.754053975928462	[0.018475224582148085, 0.008542262985351271]	2	3	(0, 17, 28)	3	(0, 17, 28)	0.8124314563002324
0.022269136936680995	0.017435304437773934	-516.352945256347	-292.09491274575254	-15.116596163804752	-9.726336930809362	[0.012755834425927735, 0.0046794700118462]	2	3	(4, 12, 25)	3	(4, 12, 25)	0.9009817248816515
0.01888960843779311	0.013509137433185695	-503.0806794653656	-312.90029203925087	-15.289173144891627	-10.050273559598008	[0.008319899910696435, 0.0051892375224892595]	2	3	(0, 7, 14)	3	(0, 7, 14)	0.9469281865873219
0.02628747705354093	0.015961374983441457	-444.76138476110805	-274.72986776166897	-14.644294462548729	-9.753371854672835	[0.010345627074099462, 0.005615747909341996]	2	3	(13, 27, 28)	3	(13, 27, 28)	0.8469809846934219
0.02745203353628771	0.018057556642510075	-488.47374032998573	-324.3926344130514	-14.71821217967927	-9.79614564797999	[0.014113372320081162, 0.003944184322428914]	2	3	(14, 18, 21)	3	(14, 18, 21)	0.8456664281650564
0.018986514190291032	0.01100646338925779	-512.2642283291809	-379.3829236163447	-15.299923003693525	-10.447818645469724	[0.006631978972346037, 0.004374484416911753]	2	3	(11, 14, 27)	3	(11, 14, 27)	0.8964066637600183
0.014650440428650748	0.008183474244448883	-713.7842503077297	-558.8590165357077	-16.1734486020654	-11.131535729067638	[0.005540574850037086, 0.002642899394411797]	2	3	(6, 7, 22)	3	(6, 7, 22)	0.922217828467598
0.03479064129508172	0.02706845158808545	-368.79142811322004	-161.55592242674413	-13.85109627763219	-8.694237728906021	[0.01748729716894515, 0.009581154419140299]	2	3	(18, 20, 26)	3	(18, 20, 26)	0.8266117371369576
0.04720284574400259	0.036082517258168086	-464.0895298585403	-136.68488814975237	-13.70389746931513	-8.239625007493093	[0.02588369385639744, 0.010198823401770645]	2	3	(3, 22, 23)	3	(3, 22, 23)	0.9704544595219705
0.029378099361583233	0.025185721019549114	-574.4694394071828	-199.3217002585613	-14.790731773234793	-8.976398174939057	[0.018269390314710806, 0.0069163307048383076]	2	3	(8, 18, 24)	3	(8, 18, 24)	0.798166102940947
0.02757578693491522	0.0170872254086082	-364.10940331403526	-252.83927662330024	-14.222030712615291	-9.602178163378422	[0.010869971501740409, 0.0062172539068677925]	2	3	(3, 14, 28)	3	(3, 14, 28)	0.8917714557164014
0.022223256176217385	0.018018522766392764	-621.9792566789557	-254.95120347779743	-15.363216236098188	-9.557427175546337	[0.012248457718908699, 0.005770065047484063]	2	3	(20, 21, 26)	3	(20, 21, 26)	0.9453860256541686
0.018241252440982174	0.011973365614560319	-1308.907825329452	-1131.624609983785	-16.57108462580962	-11.456480215270393	[0.01101258413924246, 0.0009607814753178583]	2	3	(24, 26, 27)	3	(24, 26, 27)	0.8443753819113385
0.01624265395082667	0.010903240669475104	-1501.6300691210731	-1308.2394213605687	-16.93670091162133	-11.695132783928791	[0.010076107214862826, 0.0008271334546122779]	2	3	(21, 22, 24)	3	(21, 22, 24)	0.9090722482627953
