n_task	metric	correlation
3	random	0.4075464315387433
3	variance	0.5018654310573935
3	variance_mc	0.5300077884433573
3	log_det_mc	0.5294331314771829
3	inverse_trace_mc	0.5620544145195956
3	random	0.3680728460845967
3	variance	0.5759882650846024
3	variance_mc	0.5754198084057062
3	log_det_mc	0.5807956934211705
3	inverse_trace_mc	0.5777946800458617
3	random	0.4489021795628399
3	variance	0.5400078215860032
3	variance_mc	0.5802613620408237
3	log_det_mc	0.578442549515958
3	inverse_trace_mc	0.5803925069553125
3	random	0.4910300464814725
3	variance	0.5048176929839434
3	variance_mc	0.5108849706701751
3	log_det_mc	0.5205566418122344
3	inverse_trace_mc	0.5134911466561255
3	random	0.38817030468798697
3	variance	0.5105599615591521
3	variance_mc	0.5143471186258279
3	log_det_mc	0.5334449595742716
3	inverse_trace_mc	0.5341238736237984
3	random	0.48618684663282863
3	variance	0.4972369191256248
3	variance_mc	0.5180103812561263
3	log_det_mc	0.5367463305263545
3	inverse_trace_mc	0.5536893253140622
3	random	0.43814627575533627
3	variance	0.5092389345693437
3	variance_mc	0.5053427439237468
3	log_det_mc	0.5185107422365907
3	inverse_trace_mc	0.49139849902113913
3	random	0.3468009163056376
3	variance	0.577439555880337
3	variance_mc	0.587852479850972
3	log_det_mc	0.5739409051311037
3	inverse_trace_mc	0.5919825582384902
3	random	0.3590085059537737
3	variance	0.5071458401553238
3	variance_mc	0.5101399141499985
3	log_det_mc	0.49823461686513676
3	inverse_trace_mc	0.5083235761527701
3	random	0.44744274182609384
3	variance	0.5345649082449274
3	variance_mc	0.48485536010197133
3	log_det_mc	0.543654798747912
3	inverse_trace_mc	0.5447046483373279
3	random	0.4934355590294381
3	variance	0.49349333730636835
3	variance_mc	0.4686039880260991
3	log_det_mc	0.5598483412585534
3	inverse_trace_mc	0.5673215652436396
3	random	0.39455613079404345
3	variance	0.5148094946461559
3	variance_mc	0.5170042290425355
3	log_det_mc	0.5259690537612043
3	inverse_trace_mc	0.5358063634914201
3	random	0.5244547940501011
3	variance	0.5268828209990101
3	variance_mc	0.5085421088750904
3	log_det_mc	0.5172891317395485
3	inverse_trace_mc	0.4634499843530446
3	random	0.4827983056372182
3	variance	0.5077837995966853
3	variance_mc	0.4334731702847314
3	log_det_mc	0.5236347393502765
3	inverse_trace_mc	0.5170033586619769
3	random	0.387053247480662
3	variance	0.4880989049657184
3	variance_mc	0.48768702828749605
3	log_det_mc	0.48259692434217577
3	inverse_trace_mc	0.44445556399522995
3	random	0.406971124661028
3	variance	0.5277224791185001
3	variance_mc	0.45628539748086544
3	log_det_mc	0.5121095772034516
3	inverse_trace_mc	0.509171427905652
3	random	0.3061703797862026
3	variance	0.5681231456232726
3	variance_mc	0.4919858043453111
3	log_det_mc	0.560860737116754
3	inverse_trace_mc	0.5634689401026723
3	random	0.5239312841268652
3	variance	0.544864236052106
3	variance_mc	0.61090612213066
3	log_det_mc	0.5966768153041958
3	inverse_trace_mc	0.6265762568498959
3	random	0.48543150576282296
3	variance	0.41039141919843014
3	variance_mc	0.4568919458590443
3	log_det_mc	0.42118187550453445
3	inverse_trace_mc	0.41253515628967036
3	random	0.37648710751888437
3	variance	0.5298500747909741
3	variance_mc	0.4882668347330185
3	log_det_mc	0.4933028201143455
3	inverse_trace_mc	0.49806092254091133
3	random	0.38632665187799137
3	variance	0.49530720231490194
3	variance_mc	0.47709820693419364
3	log_det_mc	0.4644697037849803
3	inverse_trace_mc	0.4892840819625757
3	random	0.44124122147474376
3	variance	0.44869362323649375
3	variance_mc	0.4310324125287432
3	log_det_mc	0.5877133645503916
3	inverse_trace_mc	0.5737678727571953
3	random	0.24810269796988854
3	variance	0.5115159715634899
3	variance_mc	0.5574132928284954
3	log_det_mc	0.5557526834830415
3	inverse_trace_mc	0.5694259330685746
3	random	0.4049238150433639
3	variance	0.43775247193504513
3	variance_mc	0.3951415269928268
3	log_det_mc	0.5757180042645931
3	inverse_trace_mc	0.5642311386533114
3	random	0.4751213728501172
3	variance	0.5253712336382129
3	variance_mc	0.5449973061672859
3	log_det_mc	0.547293634774589
3	inverse_trace_mc	0.5422848837840479
3	random	0.4114214697371665
3	variance	0.5593047055606578
3	variance_mc	0.47831801098065735
3	log_det_mc	0.484821581193478
3	inverse_trace_mc	0.5462058035815753
3	random	0.45071491868756913
3	variance	0.41047183657486225
3	variance_mc	0.4116948126688872
3	log_det_mc	0.5561660927942998
3	inverse_trace_mc	0.5464121829995259
3	random	0.4749551156134959
3	variance	0.5718633965992238
3	variance_mc	0.48135902867628305
3	log_det_mc	0.4478131635230332
3	inverse_trace_mc	0.4213061507829607
3	random	0.4561822982716847
3	variance	0.5066487432349586
3	variance_mc	0.5205892522564938
3	log_det_mc	0.5230270892630027
3	inverse_trace_mc	0.5898251753128579
3	random	0.5059407139709488
3	variance	0.5197117864759521
3	variance_mc	0.45413115309493607
3	log_det_mc	0.49848570544278886
3	inverse_trace_mc	0.4989251388071345
3	random	0.3632782500372046
3	variance	0.5127294701573458
3	variance_mc	0.5287815655830985
3	log_det_mc	0.5297409430766553
3	inverse_trace_mc	0.5490011631404641
3	random	0.4222575984531488
3	variance	0.4075576510118989
3	variance_mc	0.5049905323808969
3	log_det_mc	0.5005863446445283
3	inverse_trace_mc	0.5066406271072886
3	random	0.5239884372436258
3	variance	0.4551163554535831
3	variance_mc	0.4728612416747224
3	log_det_mc	0.4848731283086134
3	inverse_trace_mc	0.4802233197291214
3	random	0.4134119509038783
3	variance	0.5086010488476246
3	variance_mc	0.4549656105904429
3	log_det_mc	0.4942700146731957
3	inverse_trace_mc	0.500505901136862
3	random	0.3176329088104069
3	variance	0.5495911771079653
3	variance_mc	0.5281595406662526
3	log_det_mc	0.5503903598942127
3	inverse_trace_mc	0.5520486193915076
3	random	0.3104016955906843
3	variance	0.43767010080713814
3	variance_mc	0.43584219901729776
3	log_det_mc	0.4547305206529681
3	inverse_trace_mc	0.4544476116636264
3	random	0.4699278075793988
3	variance	0.4116595197980535
3	variance_mc	0.4079753280880461
3	log_det_mc	0.4131871050595851
3	inverse_trace_mc	0.431287187502861
3	random	0.38694546712067684
3	variance	0.4928487145945826
3	variance_mc	0.4872929847451541
3	log_det_mc	0.4937510464117458
3	inverse_trace_mc	0.4950852960311006
3	random	0.476735064740109
3	variance	0.538072747694582
3	variance_mc	0.5564708386977177
3	log_det_mc	0.555091023799215
3	inverse_trace_mc	0.5508115885858539
3	random	0.40879721040669936
3	variance	0.5495507189906889
3	variance_mc	0.5497345745451805
3	log_det_mc	0.5143762183746009
3	inverse_trace_mc	0.5191950940670945
3	random	0.4959956517569144
3	variance	0.47233937238815954
3	variance_mc	0.5584519218396583
3	log_det_mc	0.5556657324483328
3	inverse_trace_mc	0.463251881720194
3	random	0.4002348980850254
3	variance	0.5094615678309559
3	variance_mc	0.5206666038827473
3	log_det_mc	0.5128479094500882
3	inverse_trace_mc	0.5309167568866998
3	random	0.4369892745727203
3	variance	0.5782405877437675
3	variance_mc	0.5604793337708547
3	log_det_mc	0.5558520033164243
3	inverse_trace_mc	0.5689061487162909
3	random	0.4053898884239797
3	variance	0.4842934595307857
3	variance_mc	0.46490350008658676
3	log_det_mc	0.4660235054285552
3	inverse_trace_mc	0.45447201860691633
3	random	0.4679410973760016
3	variance	0.40700680247011406
3	variance_mc	0.5125508619401146
3	log_det_mc	0.503720408188952
3	inverse_trace_mc	0.5080415368211565
3	random	0.4557502450706869
3	variance	0.5699602488706089
3	variance_mc	0.5756559456513382
3	log_det_mc	0.5620465365782948
3	inverse_trace_mc	0.5697025851416619
3	random	0.42429617590322977
3	variance	0.556825195478191
3	variance_mc	0.5389017682335738
3	log_det_mc	0.5381648000979803
3	inverse_trace_mc	0.5514514107949088
3	random	0.29977112821986446
3	variance	0.5011029712266813
3	variance_mc	0.5416685737557195
3	log_det_mc	0.5381165351523399
3	inverse_trace_mc	0.5417549466805788
3	random	0.44206672298461436
3	variance	0.4183712910183503
3	variance_mc	0.519982608312125
3	log_det_mc	0.5268520495333816
3	inverse_trace_mc	0.5099869088924692
3	random	0.2823466044800374
3	variance	0.581406138961786
3	variance_mc	0.5418898279840675
3	log_det_mc	0.5680645774276297
3	inverse_trace_mc	0.5598329679491362
4	random	0.5971667556309408
4	variance	0.6007028475743204
4	variance_mc	0.5906752099279271
4	log_det_mc	0.6027099849240276
4	inverse_trace_mc	0.611028444585939
4	random	0.4267533262491607
4	variance	0.5914677073573106
4	variance_mc	0.5935129864465714
4	log_det_mc	0.5829951916448162
4	inverse_trace_mc	0.5878283266659103
4	random	0.41572254938495173
4	variance	0.5296245464608251
4	variance_mc	0.5089713163728088
4	log_det_mc	0.6647933897327974
4	inverse_trace_mc	0.6479842806763931
4	random	0.5746820958601294
4	variance	0.5479455718040055
4	variance_mc	0.655463144591959
4	log_det_mc	0.6303857892047102
4	inverse_trace_mc	0.6514204907704284
4	random	0.3467372672246398
4	variance	0.5083450047483596
4	variance_mc	0.6232762102441906
4	log_det_mc	0.6541179905326434
4	inverse_trace_mc	0.6866026625584255
4	random	0.5019695095286152
4	variance	0.5983982334760507
4	variance_mc	0.540706206160708
4	log_det_mc	0.6091765613490562
4	inverse_trace_mc	0.6420932623560807
4	random	0.5819735733265327
4	variance	0.5990461424586523
4	variance_mc	0.5421157577351206
4	log_det_mc	0.627289508673021
4	inverse_trace_mc	0.6243324278297783
4	random	0.5177276892899035
4	variance	0.542808049402289
4	variance_mc	0.5480571346518529
4	log_det_mc	0.5734491749997095
4	inverse_trace_mc	0.6100547704025882
4	random	0.48828070445230914
4	variance	0.5977439513716608
4	variance_mc	0.602885736312563
4	log_det_mc	0.6170125312095563
4	inverse_trace_mc	0.5841931409649577
4	random	0.5459810077232128
4	variance	0.5523262673363614
4	variance_mc	0.5679899382903839
4	log_det_mc	0.5958731057925025
4	inverse_trace_mc	0.6098190356047741
4	random	0.5947160755273572
4	variance	0.5055372735125273
4	variance_mc	0.595214550738272
4	log_det_mc	0.6097312812067749
4	inverse_trace_mc	0.5665458313505086
4	random	0.4356755431473067
4	variance	0.5540004226740806
4	variance_mc	0.5063640398656127
4	log_det_mc	0.5608541566274707
4	inverse_trace_mc	0.6004948120324606
4	random	0.4957710516873523
4	variance	0.531962065803849
4	variance_mc	0.641971385980953
4	log_det_mc	0.6371181779894541
4	inverse_trace_mc	0.6008113257863675
4	random	0.5764898784545286
4	variance	0.6433401569409722
4	variance_mc	0.6337130379865619
4	log_det_mc	0.6441446478434417
4	inverse_trace_mc	0.6327999340219124
4	random	0.5454184319995024
4	variance	0.5903858780373815
4	variance_mc	0.6294438633249346
4	log_det_mc	0.6152443823670746
4	inverse_trace_mc	0.6397202684819998
4	random	0.5116477121557238
4	variance	0.6416350145327294
4	variance_mc	0.6159760635693426
4	log_det_mc	0.6320148454797897
4	inverse_trace_mc	0.6587079927171101
4	random	0.5761221957810793
4	variance	0.6142221988616335
4	variance_mc	0.6223915424152222
4	log_det_mc	0.6280253277117989
4	inverse_trace_mc	0.6109044924186766
4	random	0.5535593124137509
4	variance	0.5829350043595992
4	variance_mc	0.5119101127598484
4	log_det_mc	0.5887887349668434
4	inverse_trace_mc	0.5978999668886436
4	random	0.5021224920848995
4	variance	0.5485194926680697
4	variance_mc	0.5621834272289334
4	log_det_mc	0.6221537958152885
4	inverse_trace_mc	0.5991255107708126
4	random	0.48114175495382516
4	variance	0.623528807472748
4	variance_mc	0.5573557266027871
4	log_det_mc	0.6627484524923218
4	inverse_trace_mc	0.6754469245307044
4	random	0.3632669648238255
4	variance	0.6020796600440473
4	variance_mc	0.5660109681745373
4	log_det_mc	0.6000005356827823
4	inverse_trace_mc	0.5916092996617145
4	random	0.5433362675966878
4	variance	0.6927922790628855
4	variance_mc	0.6942218381886538
4	log_det_mc	0.6948866577773046
4	inverse_trace_mc	0.6955405193284395
4	random	0.4611184047033958
4	variance	0.6330127719767906
4	variance_mc	0.6184576815395659
4	log_det_mc	0.6060233919100287
4	inverse_trace_mc	0.6392822437442915
4	random	0.5240041824481309
4	variance	0.573453410844937
4	variance_mc	0.5540643688248479
4	log_det_mc	0.590296626828237
4	inverse_trace_mc	0.6174432435835447
4	random	0.5464579445718508
4	variance	0.5397871206125449
4	variance_mc	0.5437187574366238
4	log_det_mc	0.6391540146961106
4	inverse_trace_mc	0.6388728867882177
4	random	0.5012655452190757
4	variance	0.5673646366621906
4	variance_mc	0.6447708755587745
4	log_det_mc	0.6455788599471963
4	inverse_trace_mc	0.6461361448022971
4	random	0.5360357958823739
4	variance	0.6723458987189254
4	variance_mc	0.6598872177701837
4	log_det_mc	0.6376538964617207
4	inverse_trace_mc	0.6673162321281125
4	random	0.5162889266491856
4	variance	0.5869116053471105
4	variance_mc	0.6510146101984696
4	log_det_mc	0.6374543914292069
4	inverse_trace_mc	0.6036887926394163
4	random	0.560154122941181
4	variance	0.4765737145356425
4	variance_mc	0.5928418344476258
4	log_det_mc	0.6292002797559758
4	inverse_trace_mc	0.6009556452299789
4	random	0.5188131883457426
4	variance	0.5245732228592723
4	variance_mc	0.48717525031224856
4	log_det_mc	0.6181504388924225
4	inverse_trace_mc	0.6045865664347213
4	random	0.5218190364489993
4	variance	0.5114430431552771
4	variance_mc	0.5656220458175316
4	log_det_mc	0.5847738913996584
4	inverse_trace_mc	0.5353878729847917
4	random	0.5916060225627434
4	variance	0.6437807293176452
4	variance_mc	0.6025897121921145
4	log_det_mc	0.6302264044569873
4	inverse_trace_mc	0.6219768859096669
4	random	0.6060216784013877
4	variance	0.5112552880412355
4	variance_mc	0.5746785980257115
4	log_det_mc	0.6776237955346582
4	inverse_trace_mc	0.683323431852171
4	random	0.4856890355226294
4	variance	0.6708513893248806
4	variance_mc	0.6718715941533872
4	log_det_mc	0.6714104446971035
4	inverse_trace_mc	0.6509890699006369
4	random	0.5797601700002052
4	variance	0.6551916874323175
4	variance_mc	0.6148553258690184
4	log_det_mc	0.6511522097416238
4	inverse_trace_mc	0.6588549630909191
4	random	0.5347676225496169
4	variance	0.5774311648738097
4	variance_mc	0.5894390740841635
4	log_det_mc	0.629364159900448
4	inverse_trace_mc	0.598854187846185
4	random	0.49055305162808266
4	variance	0.5611704652502557
4	variance_mc	0.5092552123652415
4	log_det_mc	0.5981771494494555
4	inverse_trace_mc	0.5937961471156781
4	random	0.525223828007629
4	variance	0.6290165958494316
4	variance_mc	0.6462247922692667
4	log_det_mc	0.6342806265501189
4	inverse_trace_mc	0.6335832728309476
4	random	0.4862214822265775
4	variance	0.6448969538618173
4	variance_mc	0.6530059397408579
4	log_det_mc	0.6457171518483109
4	inverse_trace_mc	0.6194288399814583
4	random	0.4334773630309917
4	variance	0.6146270709048045
4	variance_mc	0.6550823636974776
4	log_det_mc	0.6460940151277009
4	inverse_trace_mc	0.6674321053382531
4	random	0.47682997639722435
4	variance	0.6349705592622809
4	variance_mc	0.627920972947493
4	log_det_mc	0.6458604030991866
4	inverse_trace_mc	0.6561122308237566
4	random	0.6671312565290755
4	variance	0.6118565208685567
4	variance_mc	0.6443037456063279
4	log_det_mc	0.6464562513335221
4	inverse_trace_mc	0.6495900056281322
4	random	0.5783068624496807
4	variance	0.5227069706757843
4	variance_mc	0.5234960166177397
4	log_det_mc	0.5954186125390333
4	inverse_trace_mc	0.5935200039554079
4	random	0.475671833463438
4	variance	0.5260073700752327
4	variance_mc	0.6025678218242868
4	log_det_mc	0.6247726910926763
4	inverse_trace_mc	0.6129409971435904
4	random	0.5250608163822907
4	variance	0.6286404798634553
4	variance_mc	0.5660308385230204
4	log_det_mc	0.6292103716191315
4	inverse_trace_mc	0.6400133537311514
4	random	0.49166894264565086
4	variance	0.6423000987117297
4	variance_mc	0.6174083382382296
4	log_det_mc	0.6178753023986291
4	inverse_trace_mc	0.6233166671658557
4	random	0.48621880901137515
4	variance	0.5669206657032875
4	variance_mc	0.5581693383864577
4	log_det_mc	0.6118338798311532
4	inverse_trace_mc	0.581700548924528
4	random	0.5001676636702295
4	variance	0.546154863551956
4	variance_mc	0.6109759160900706
4	log_det_mc	0.6323092446051126
4	inverse_trace_mc	0.6476251537187349
4	random	0.4554081813689171
4	variance	0.5638308302739359
4	variance_mc	0.5677969934262372
4	log_det_mc	0.6051433467863275
4	inverse_trace_mc	0.6111362425920481
4	random	0.5255281492126774
4	variance	0.544960447962393
4	variance_mc	0.6451187445389486
4	log_det_mc	0.6131695047026418
4	inverse_trace_mc	0.6344430969290237
6	random	0.47945699154068144
6	variance	0.5616656456701155
6	variance_mc	0.6696123658133095
6	log_det_mc	0.6479955940791283
6	inverse_trace_mc	0.6471799711435777
6	random	0.5180417705699479
6	variance	0.6132081219660848
6	variance_mc	0.6417646658502131
6	log_det_mc	0.6228227691737482
6	inverse_trace_mc	0.5828242121855397
6	random	0.6479868745136113
6	variance	0.698535323810665
6	variance_mc	0.6835076886244479
6	log_det_mc	0.687114579133919
6	inverse_trace_mc	0.7079182255967714
6	random	0.4943710576882217
6	variance	0.7087630383469331
6	variance_mc	0.7063565996502001
6	log_det_mc	0.6435725440254142
6	inverse_trace_mc	0.5960664344568124
6	random	0.5904481242765546
6	variance	0.6492766158196018
6	variance_mc	0.6286897008171436
6	log_det_mc	0.7036178320864056
6	inverse_trace_mc	0.6170425766082762
6	random	0.5458512442256602
6	variance	0.6045911215355438
6	variance_mc	0.6177029802099935
6	log_det_mc	0.6691627476563751
6	inverse_trace_mc	0.6599240914944621
6	random	0.4833253942501319
6	variance	0.6184333956847125
6	variance_mc	0.6391922004789787
6	log_det_mc	0.6051048796558933
6	inverse_trace_mc	0.6611323465083646
6	random	0.4631544409356209
6	variance	0.5157690452873401
6	variance_mc	0.5168630121985345
6	log_det_mc	0.6326692239268354
6	inverse_trace_mc	0.689997971377538
6	random	0.6659187370765417
6	variance	0.6853003283107363
6	variance_mc	0.6194080768602793
6	log_det_mc	0.6551113197722952
6	inverse_trace_mc	0.6191876627043444
6	random	0.5031791711463682
6	variance	0.6352769460056482
6	variance_mc	0.6499288061707497
6	log_det_mc	0.7323844908864457
6	inverse_trace_mc	0.7403591886810729
6	random	0.6416789037104143
6	variance	0.6689636538564849
6	variance_mc	0.6570439507801454
6	log_det_mc	0.6719048425496136
6	inverse_trace_mc	0.6244586660292506
6	random	0.44176954036324007
6	variance	0.704747473338305
6	variance_mc	0.7116272237190521
6	log_det_mc	0.7112238097344027
6	inverse_trace_mc	0.6957182998646397
6	random	0.6157385619305946
6	variance	0.6632882116995544
6	variance_mc	0.6782149400596941
6	log_det_mc	0.6443242908410418
6	inverse_trace_mc	0.6192707747899797
6	random	0.5021210795857488
6	variance	0.7192853325669805
6	variance_mc	0.717583187060005
6	log_det_mc	0.6879016187880699
6	inverse_trace_mc	0.7365204122200951
6	random	0.6266219311091866
6	variance	0.6691860105652169
6	variance_mc	0.7026163026566812
6	log_det_mc	0.6610422893841943
6	inverse_trace_mc	0.6710089565643373
6	random	0.46331162314948793
6	variance	0.6732890524576398
6	variance_mc	0.6761966926156734
6	log_det_mc	0.6786158701376086
6	inverse_trace_mc	0.6551280865184925
6	random	0.5995095526565178
6	variance	0.7541453327017488
6	variance_mc	0.7444998558682921
6	log_det_mc	0.757137046480983
6	inverse_trace_mc	0.7601442095857339
6	random	0.586330436956708
6	variance	0.67257687081028
6	variance_mc	0.6309257671223248
6	log_det_mc	0.6816020222276518
6	inverse_trace_mc	0.6621886500788623
6	random	0.45999785224085454
6	variance	0.5507336572316869
6	variance_mc	0.6157731978704285
6	log_det_mc	0.6349313618274645
6	inverse_trace_mc	0.6153841761735089
6	random	0.4220352109524144
6	variance	0.7292613458288273
6	variance_mc	0.6738757926658314
6	log_det_mc	0.671773906064627
6	inverse_trace_mc	0.6843229286889031
6	random	0.4969384262673693
6	variance	0.6560293137562295
6	variance_mc	0.6327946708607437
6	log_det_mc	0.6875975704355827
6	inverse_trace_mc	0.6594248165530007
6	random	0.5438621196786939
6	variance	0.6739824769644166
6	variance_mc	0.6959234467464117
6	log_det_mc	0.6434048199436563
6	inverse_trace_mc	0.6952126591325946
6	random	0.5780350126900196
6	variance	0.6670392433758794
6	variance_mc	0.6929676927149556
6	log_det_mc	0.7087528185501715
6	inverse_trace_mc	0.6980073931968158
6	random	0.6420452773611534
6	variance	0.6449925444724798
6	variance_mc	0.6647868445902466
6	log_det_mc	0.6852943813402284
6	inverse_trace_mc	0.7236602254061237
6	random	0.45842840810998786
6	variance	0.6307351209648286
6	variance_mc	0.5839782128267805
6	log_det_mc	0.6959321042472971
6	inverse_trace_mc	0.6836669249406966
6	random	0.5226798137383285
6	variance	0.6902992503269239
6	variance_mc	0.6239914300344567
6	log_det_mc	0.653763230609583
6	inverse_trace_mc	0.6526392302516186
6	random	0.49257207445505224
6	variance	0.656878165167247
6	variance_mc	0.6391192364478461
6	log_det_mc	0.6768411947565107
6	inverse_trace_mc	0.6585505905431986
6	random	0.598085342872117
6	variance	0.6773627047630016
6	variance_mc	0.6173860548991715
6	log_det_mc	0.6980723198235715
6	inverse_trace_mc	0.669953327137947
6	random	0.6133241792718052
6	variance	0.5927246444473875
6	variance_mc	0.6601508915085602
6	log_det_mc	0.6970086844641522
6	inverse_trace_mc	0.580450012971023
6	random	0.6524585338238836
6	variance	0.709949059854456
6	variance_mc	0.7016433839047661
6	log_det_mc	0.6767685167762815
6	inverse_trace_mc	0.6601439226136957
6	random	0.5018760212742495
6	variance	0.7089665958363792
6	variance_mc	0.6503691998497209
6	log_det_mc	0.6545057986052837
6	inverse_trace_mc	0.6321379057518529
6	random	0.4670084888569041
6	variance	0.5725101737280899
6	variance_mc	0.6286484304366123
6	log_det_mc	0.6752690184257727
6	inverse_trace_mc	0.6308910769882368
6	random	0.5673976906669206
6	variance	0.6532629331354568
6	variance_mc	0.7043655281581255
6	log_det_mc	0.7379623051290439
6	inverse_trace_mc	0.7466955221137755
6	random	0.5093804636663912
6	variance	0.6781209784823721
6	variance_mc	0.6749856097813586
6	log_det_mc	0.6707426986421574
6	inverse_trace_mc	0.6808052793946751
6	random	0.6541655842405383
6	variance	0.6436079613261786
6	variance_mc	0.6310093797845104
6	log_det_mc	0.7187184589141477
6	inverse_trace_mc	0.6625405723076766
6	random	0.5551829799082075
6	variance	0.7043264899838432
6	variance_mc	0.709105612158505
6	log_det_mc	0.6702607851001396
6	inverse_trace_mc	0.6654249006878687
6	random	0.5235584590517803
6	variance	0.6034656665754173
6	variance_mc	0.6628261029834258
6	log_det_mc	0.6199109481875004
6	inverse_trace_mc	0.6449968574334141
6	random	0.5904474849084917
6	variance	0.6746770808172968
6	variance_mc	0.6535254822561642
6	log_det_mc	0.7029973365601867
6	inverse_trace_mc	0.7368181460382824
6	random	0.4748965185099717
6	variance	0.5777115542864348
6	variance_mc	0.6821443413224545
6	log_det_mc	0.7059793817954909
6	inverse_trace_mc	0.6565355006478241
6	random	0.45093652008833535
6	variance	0.6061439653104138
6	variance_mc	0.6647206291244256
6	log_det_mc	0.6938919069053063
6	inverse_trace_mc	0.583251353530037
6	random	0.5915034223342329
6	variance	0.6985868081487392
6	variance_mc	0.7084998936342046
6	log_det_mc	0.691267358015244
6	inverse_trace_mc	0.6072499601386073
6	random	0.507341018922435
6	variance	0.5760320507408094
6	variance_mc	0.580021938628495
6	log_det_mc	0.6619296486768163
6	inverse_trace_mc	0.6540584613080697
6	random	0.5346063283914216
6	variance	0.6282964401667516
6	variance_mc	0.6042070278140296
6	log_det_mc	0.6464959669240753
6	inverse_trace_mc	0.6539114484015989
6	random	0.6244622659845488
6	variance	0.6216535226410271
6	variance_mc	0.6256944541002051
6	log_det_mc	0.5997204807468336
6	inverse_trace_mc	0.5961670360138333
6	random	0.5781009802718006
6	variance	0.6620631991662361
6	variance_mc	0.5944632772169769
6	log_det_mc	0.678524044718186
6	inverse_trace_mc	0.6685466348496929
6	random	0.5639026025349958
6	variance	0.6374121902104386
6	variance_mc	0.6499535425751309
6	log_det_mc	0.6663942413514028
6	inverse_trace_mc	0.6522220394657267
6	random	0.5350255073868047
6	variance	0.6399169726177676
6	variance_mc	0.6153477064418976
6	log_det_mc	0.7062822320160314
6	inverse_trace_mc	0.6221919507912421
6	random	0.503875068179011
6	variance	0.6359549325758262
6	variance_mc	0.6848608569887008
6	log_det_mc	0.6982104636642567
6	inverse_trace_mc	0.6532734445686104
6	random	0.45428329704539466
6	variance	0.6947240462252292
6	variance_mc	0.6704328802585525
6	log_det_mc	0.6451227243273459
6	inverse_trace_mc	0.6394639706767538
6	random	0.5379723600423665
6	variance	0.7023726221777653
6	variance_mc	0.6759761400009604
6	log_det_mc	0.7154280455689326
6	inverse_trace_mc	0.6640362192304997
8	random	0.5873935183680685
8	variance	0.6583846851665491
8	variance_mc	0.6351750247791366
8	log_det_mc	0.7122994078442394
8	inverse_trace_mc	0.655427242628736
8	random	0.5503999180035082
8	variance	0.6679255578260916
8	variance_mc	0.6538598545909527
8	log_det_mc	0.7299116063892311
8	inverse_trace_mc	0.6770430840709621
8	random	0.5578548377367667
8	variance	0.6100785672279112
8	variance_mc	0.7211213268951735
8	log_det_mc	0.7583949169863704
8	inverse_trace_mc	0.7257081742505499
8	random	0.578280058032713
8	variance	0.7246766258445604
8	variance_mc	0.6342703923342442
8	log_det_mc	0.6823204703497177
8	inverse_trace_mc	0.6964038052351954
8	random	0.6335778195388582
8	variance	0.6527139759811641
8	variance_mc	0.6621126507458995
8	log_det_mc	0.6183715622247646
8	inverse_trace_mc	0.6693452626692101
8	random	0.6278826020841566
8	variance	0.6301951506917872
8	variance_mc	0.6304830507092356
8	log_det_mc	0.6756423855095034
8	inverse_trace_mc	0.682484525171338
8	random	0.6324163583470689
8	variance	0.6543067245430002
8	variance_mc	0.7176727402369705
8	log_det_mc	0.6976567254917607
8	inverse_trace_mc	0.7241101563785644
8	random	0.6320982477539444
8	variance	0.6632100971584448
8	variance_mc	0.6884026420895628
8	log_det_mc	0.7554821635359416
8	inverse_trace_mc	0.7172773989487039
8	random	0.5090973322272402
8	variance	0.6988006916971048
8	variance_mc	0.7234160895998426
8	log_det_mc	0.7520341460269987
8	inverse_trace_mc	0.6780709354525485
8	random	0.6435365812137598
8	variance	0.7092656848148478
8	variance_mc	0.6670816904343508
8	log_det_mc	0.6876552673150245
8	inverse_trace_mc	0.7355241539293175
8	random	0.5828194049358314
8	variance	0.6942464540190919
8	variance_mc	0.66419940636485
8	log_det_mc	0.7107254536066694
8	inverse_trace_mc	0.739111149646907
8	random	0.5837069216052199
8	variance	0.7056410864669489
8	variance_mc	0.6695995904738281
8	log_det_mc	0.7061744200711607
8	inverse_trace_mc	0.7266926781747303
8	random	0.6081925703286152
8	variance	0.7341225532185581
8	variance_mc	0.7346312764054568
8	log_det_mc	0.753097037146134
8	inverse_trace_mc	0.7315918089271684
8	random	0.5490387702733867
8	variance	0.739676483215327
8	variance_mc	0.7056835720019824
8	log_det_mc	0.739300290451791
8	inverse_trace_mc	0.7580238476654987
8	random	0.6047487398214063
8	variance	0.7012722376855102
8	variance_mc	0.7392502858320269
8	log_det_mc	0.7242215630718559
8	inverse_trace_mc	0.7555016111163121
8	random	0.5871682087117709
8	variance	0.6474493880775659
8	variance_mc	0.6572124391904017
8	log_det_mc	0.6776087208243617
8	inverse_trace_mc	0.6213897951393528
8	random	0.5326707046304072
8	variance	0.6844694258282413
8	variance_mc	0.690648753691004
8	log_det_mc	0.7528937931237178
8	inverse_trace_mc	0.7165080227474803
8	random	0.6210021733684719
8	variance	0.7378480457103711
8	variance_mc	0.712945063494992
8	log_det_mc	0.7424608762398446
8	inverse_trace_mc	0.7580710337439732
8	random	0.5933954067796633
8	variance	0.7248135339943101
8	variance_mc	0.6990736248527187
8	log_det_mc	0.7266075540752586
8	inverse_trace_mc	0.7251979165327374
8	random	0.5198063641717654
8	variance	0.6770344831956411
8	variance_mc	0.7037498625474419
8	log_det_mc	0.6937435878250666
8	inverse_trace_mc	0.7207825456655031
8	random	0.5417269305154798
8	variance	0.6913234742080219
8	variance_mc	0.713505186883049
8	log_det_mc	0.6467847051093746
8	inverse_trace_mc	0.6714758906391751
8	random	0.5710888614776319
8	variance	0.5864191072993323
8	variance_mc	0.643748282026587
8	log_det_mc	0.7082021128762875
8	inverse_trace_mc	0.7429058948598084
8	random	0.513543682921606
8	variance	0.6189552275659712
8	variance_mc	0.6258158600449959
8	log_det_mc	0.6683915666584682
8	inverse_trace_mc	0.662563985734163
8	random	0.5764142852386515
8	variance	0.7441398888362936
8	variance_mc	0.7525493587611989
8	log_det_mc	0.7620752063039603
8	inverse_trace_mc	0.7816950314397816
8	random	0.5201856902100843
8	variance	0.6415063947363245
8	variance_mc	0.6648139783343814
8	log_det_mc	0.6859631022188887
8	inverse_trace_mc	0.7162955018540454
8	random	0.6657047636618069
8	variance	0.6533743016393095
8	variance_mc	0.6654039495623161
8	log_det_mc	0.6931221444380204
8	inverse_trace_mc	0.6803752350821727
8	random	0.5067931779654369
8	variance	0.5988700992419299
8	variance_mc	0.716322685242233
8	log_det_mc	0.6516999835113851
8	inverse_trace_mc	0.6832554347173125
8	random	0.5235020468136703
8	variance	0.6919949199436516
8	variance_mc	0.6802442912218085
8	log_det_mc	0.7013635351042475
8	inverse_trace_mc	0.6889251590071146
8	random	0.554801226032735
8	variance	0.6987038881864318
8	variance_mc	0.7184109670164245
8	log_det_mc	0.6788961488308558
8	inverse_trace_mc	0.6068003190368497
8	random	0.7400589916265798
8	variance	0.7416862735179398
8	variance_mc	0.7263100225680853
8	log_det_mc	0.7003671559225058
8	inverse_trace_mc	0.6929748136899789
8	random	0.5968597566705778
8	variance	0.6517288159779879
8	variance_mc	0.688782412092047
8	log_det_mc	0.6325730054754488
8	inverse_trace_mc	0.6372069944942287
8	random	0.640044078091295
8	variance	0.7133887167677702
8	variance_mc	0.7179786912212242
8	log_det_mc	0.6713644883419018
8	inverse_trace_mc	0.6462351305662174
8	random	0.555781209885528
8	variance	0.6068751291850198
8	variance_mc	0.6414062387690947
8	log_det_mc	0.6305286777793796
8	inverse_trace_mc	0.6496832251442222
8	random	0.6147189016833762
8	variance	0.7114550530093491
8	variance_mc	0.7134514031504929
8	log_det_mc	0.6801403100232482
8	inverse_trace_mc	0.7231031135192197
8	random	0.522004891410726
8	variance	0.6107317516458597
8	variance_mc	0.6433808806652401
8	log_det_mc	0.7035737381404769
8	inverse_trace_mc	0.7031255060116993
8	random	0.5774416005097504
8	variance	0.6832561931916892
8	variance_mc	0.7013721943179498
8	log_det_mc	0.6882840875948005
8	inverse_trace_mc	0.6792161729938453
8	random	0.5968586779981491
8	variance	0.6925150813309855
8	variance_mc	0.7016911921941096
8	log_det_mc	0.6748805059061677
8	inverse_trace_mc	0.7056891316190619
8	random	0.5301700736653606
8	variance	0.6527323917077198
8	variance_mc	0.633584687514084
8	log_det_mc	0.6881848707863966
8	inverse_trace_mc	0.7112481381030921
8	random	0.598256872968903
8	variance	0.7263696429331272
8	variance_mc	0.6543948867601629
8	log_det_mc	0.7394904042624139
8	inverse_trace_mc	0.6841155038369212
8	random	0.6201390905738079
8	variance	0.6835648768503654
8	variance_mc	0.6942995827172489
8	log_det_mc	0.7058678659247314
8	inverse_trace_mc	0.7195424567166939
8	random	0.5160665253730913
8	variance	0.7020437876407849
8	variance_mc	0.6491553088087788
8	log_det_mc	0.6661453318627073
8	inverse_trace_mc	0.6519554678845763
8	random	0.5958095145842923
8	variance	0.6860299352357798
8	variance_mc	0.6289064793490288
8	log_det_mc	0.7447512498968379
8	inverse_trace_mc	0.7284713526672124
8	random	0.4871742530670808
8	variance	0.6670725118483287
8	variance_mc	0.7094718099226067
8	log_det_mc	0.7208137017952123
8	inverse_trace_mc	0.6999878995097472
8	random	0.6419185225013847
8	variance	0.6279898110408668
8	variance_mc	0.7076270249439314
8	log_det_mc	0.6900042757389986
8	inverse_trace_mc	0.6804771812553043
8	random	0.6195318097026519
8	variance	0.7569674328129451
8	variance_mc	0.7100911430304003
8	log_det_mc	0.7423375270719558
8	inverse_trace_mc	0.7580637880143759
8	random	0.5997563681959629
8	variance	0.7240326474885515
8	variance_mc	0.7090011932626357
8	log_det_mc	0.7415226615414374
8	inverse_trace_mc	0.7193398509110216
8	random	0.6445923573853238
8	variance	0.6510168818058387
8	variance_mc	0.7113862200014139
8	log_det_mc	0.7261328893597795
8	inverse_trace_mc	0.7062164809434776
8	random	0.6652973404902119
8	variance	0.6894609314294978
8	variance_mc	0.7002558821893455
8	log_det_mc	0.7277720151646409
8	inverse_trace_mc	0.7732068754166256
8	random	0.530213153549827
8	variance	0.6011371600065117
8	variance_mc	0.6448052967369168
8	log_det_mc	0.7119464470594994
8	inverse_trace_mc	0.6850671202724432
8	random	0.5945130655543069
8	variance	0.6829972074254923
8	variance_mc	0.6476363399713513
8	log_det_mc	0.6665502942285378
8	inverse_trace_mc	0.7253315196407811
10	random	0.5272695732166838
10	variance	0.6455814602795363
10	variance_mc	0.7042389199020337
10	log_det_mc	0.7265329555035743
10	inverse_trace_mc	0.7032401433334257
10	random	0.5702659739874015
10	variance	0.6912267613782758
10	variance_mc	0.6934244330889531
10	log_det_mc	0.6828644690776178
10	inverse_trace_mc	0.7284214090268893
10	random	0.6905430271820344
10	variance	0.6696058968715192
10	variance_mc	0.6315297869593819
10	log_det_mc	0.6875895056235949
10	inverse_trace_mc	0.7507655356887292
10	random	0.5814879757054192
10	variance	0.6473391500292967
10	variance_mc	0.6353313750542046
10	log_det_mc	0.7057591467764877
10	inverse_trace_mc	0.682134688153833
10	random	0.6850123943792673
10	variance	0.6706978715491756
10	variance_mc	0.7220610764326224
10	log_det_mc	0.7367774195250303
10	inverse_trace_mc	0.7209428562689694
10	random	0.44605637762253914
10	variance	0.7001169865674682
10	variance_mc	0.6787958620982121
10	log_det_mc	0.692939022527719
10	inverse_trace_mc	0.681841092366377
10	random	0.6836529115643236
10	variance	0.6671061132121183
10	variance_mc	0.6714649180066862
10	log_det_mc	0.758705201924821
10	inverse_trace_mc	0.7731640982534738
10	random	0.5388825055982608
10	variance	0.6232181071736149
10	variance_mc	0.63920102266158
10	log_det_mc	0.7345569994381439
10	inverse_trace_mc	0.7267968309921015
10	random	0.647588184182652
10	variance	0.7324878405810993
10	variance_mc	0.7590694978501865
10	log_det_mc	0.7750767580992133
10	inverse_trace_mc	0.7414665473544744
10	random	0.648461445534451
10	variance	0.6265560546951748
10	variance_mc	0.5877374147445242
10	log_det_mc	0.6570053096768789
10	inverse_trace_mc	0.6886186475444197
10	random	0.6224072301831987
10	variance	0.6185386288488486
10	variance_mc	0.5982866933105337
10	log_det_mc	0.7034328060363043
10	inverse_trace_mc	0.718597516851489
10	random	0.4416263395609223
10	variance	0.7305211043283849
10	variance_mc	0.6378109122004546
10	log_det_mc	0.7099866866568271
10	inverse_trace_mc	0.7218285132016985
10	random	0.5314814984626294
10	variance	0.6565153342002985
10	variance_mc	0.7459839383848932
10	log_det_mc	0.6867851845371165
10	inverse_trace_mc	0.7210911817901857
10	random	0.5520273681180462
10	variance	0.6842369583124162
10	variance_mc	0.6988215928102878
10	log_det_mc	0.7213237616767931
10	inverse_trace_mc	0.7169036696313059
10	random	0.6267041571067397
10	variance	0.7169867088513108
10	variance_mc	0.7318181859745515
10	log_det_mc	0.7339348465815576
10	inverse_trace_mc	0.7232773484526671
10	random	0.6633110480137208
10	variance	0.7265397502634211
10	variance_mc	0.7016303867968829
10	log_det_mc	0.6992854657440859
10	inverse_trace_mc	0.6969467955471735
10	random	0.6138083352880117
10	variance	0.735423895491891
10	variance_mc	0.7377099694310404
10	log_det_mc	0.7567794385560745
10	inverse_trace_mc	0.7807167874068005
10	random	0.6117573607034774
10	variance	0.7575833900753853
10	variance_mc	0.747801414951832
10	log_det_mc	0.7361735308065335
10	inverse_trace_mc	0.745884358148945
10	random	0.5862352999574522
10	variance	0.6415628055324796
10	variance_mc	0.7048084682100708
10	log_det_mc	0.7232413422407704
10	inverse_trace_mc	0.7657193467411222
10	random	0.6727225846339215
10	variance	0.668835938436191
10	variance_mc	0.693303508791575
10	log_det_mc	0.7329643986080095
10	inverse_trace_mc	0.7222313507525719
10	random	0.5980324668997752
10	variance	0.6457015491359164
10	variance_mc	0.6485691148935867
10	log_det_mc	0.7277611279736321
10	inverse_trace_mc	0.7118284669901086
10	random	0.6198689551995589
10	variance	0.7191623019350422
10	variance_mc	0.6684779975901919
10	log_det_mc	0.7439681949596715
10	inverse_trace_mc	0.7301914351862924
10	random	0.6324312970677363
10	variance	0.6616863414937634
10	variance_mc	0.6160080887486021
10	log_det_mc	0.7330934460256093
10	inverse_trace_mc	0.7123071469307278
10	random	0.5080000545655907
10	variance	0.7142726739123559
10	variance_mc	0.6785413981306467
10	log_det_mc	0.6746529088326786
10	inverse_trace_mc	0.7092854258736321
10	random	0.6848888399110723
10	variance	0.7057280696114453
10	variance_mc	0.7307823168793693
10	log_det_mc	0.635734061717813
10	inverse_trace_mc	0.7056882729869904
10	random	0.6775284861400668
10	variance	0.7071036751061752
10	variance_mc	0.6736844129717438
10	log_det_mc	0.7497162671971346
10	inverse_trace_mc	0.7301419471739156
10	random	0.6151124111849421
10	variance	0.5918519801490862
10	variance_mc	0.6714579481377719
10	log_det_mc	0.7118121197659684
10	inverse_trace_mc	0.6996595787860002
10	random	0.6487209001005242
10	variance	0.7392648297816709
10	variance_mc	0.7423936201954522
10	log_det_mc	0.7521715588256163
10	inverse_trace_mc	0.7250273833390938
10	random	0.6109375070147902
10	variance	0.6467296213316424
10	variance_mc	0.6425513533883247
10	log_det_mc	0.6886143872432718
10	inverse_trace_mc	0.7095262278637047
10	random	0.5293712453187253
10	variance	0.6773610120181357
10	variance_mc	0.6572266879494554
10	log_det_mc	0.735638318208644
10	inverse_trace_mc	0.6966865536680865
10	random	0.5757629192305738
10	variance	0.7136683733790082
10	variance_mc	0.7427820107784102
10	log_det_mc	0.7213014017355718
10	inverse_trace_mc	0.7399266316680739
10	random	0.5673316051345426
10	variance	0.7025821145287979
10	variance_mc	0.6942161833682674
10	log_det_mc	0.7243005323442189
10	inverse_trace_mc	0.7073110669858385
10	random	0.5833522718878587
10	variance	0.6859121024387076
10	variance_mc	0.6618671758274346
10	log_det_mc	0.6660912298654846
10	inverse_trace_mc	0.71530570928072
10	random	0.5689240322540104
10	variance	0.6221431131962004
10	variance_mc	0.7450988228253609
10	log_det_mc	0.6986522722241515
10	inverse_trace_mc	0.7380318441126722
10	random	0.6296528081294726
10	variance	0.6723817688257064
10	variance_mc	0.7104454943120591
10	log_det_mc	0.7110565135956483
10	inverse_trace_mc	0.7050748124330147
10	random	0.5830981674270955
10	variance	0.6371746113015267
10	variance_mc	0.6713302421781361
10	log_det_mc	0.7250671533163487
10	inverse_trace_mc	0.7305808143551739
10	random	0.6891059233945557
10	variance	0.7194817831493783
10	variance_mc	0.7226958666275358
10	log_det_mc	0.7135431651039459
10	inverse_trace_mc	0.6811160722933228
10	random	0.5004792575431399
10	variance	0.713587362303102
10	variance_mc	0.7042168516508164
10	log_det_mc	0.7110353013321562
10	inverse_trace_mc	0.7156185655147762
10	random	0.6316384941305242
10	variance	0.6336633840236817
10	variance_mc	0.7329402735389657
10	log_det_mc	0.7492393081439253
10	inverse_trace_mc	0.736008495501846
10	random	0.6683759943424096
10	variance	0.7158314224049364
10	variance_mc	0.6972513363426994
10	log_det_mc	0.7388692750266016
10	inverse_trace_mc	0.708725655590966
10	random	0.6036781611573063
10	variance	0.7334594199383658
10	variance_mc	0.7095624849826685
10	log_det_mc	0.7359266603182452
10	inverse_trace_mc	0.7206122611803646
10	random	0.6055264207127021
10	variance	0.7110037105559315
10	variance_mc	0.6270137442236162
10	log_det_mc	0.7076857146320985
10	inverse_trace_mc	0.7500815903360768
10	random	0.6958434556999888
10	variance	0.6830653105312453
10	variance_mc	0.7001377239337667
10	log_det_mc	0.6955684937412078
10	inverse_trace_mc	0.7077860592135116
10	random	0.6958123023128511
10	variance	0.7350304575268269
10	variance_mc	0.6791902318047746
10	log_det_mc	0.729325008551386
10	inverse_trace_mc	0.7191634250687409
10	random	0.6522818120824503
10	variance	0.6977416617752591
10	variance_mc	0.7092070642795238
10	log_det_mc	0.6709519769217432
10	inverse_trace_mc	0.6886780335132463
10	random	0.7060182494248991
10	variance	0.7093331823708555
10	variance_mc	0.7161541171510262
10	log_det_mc	0.7260880947679172
10	inverse_trace_mc	0.7336874415415209
10	random	0.5045892778669218
10	variance	0.6807814034812613
10	variance_mc	0.7153416114278665
10	log_det_mc	0.7372224327406278
10	inverse_trace_mc	0.7538826244498009
10	random	0.7268216890965418
10	variance	0.6498309838777846
10	variance_mc	0.6945220559883662
10	log_det_mc	0.6972761332813736
10	inverse_trace_mc	0.7368287012446167
10	random	0.6513642275943379
10	variance	0.6971844221709957
10	variance_mc	0.6882534150272828
10	log_det_mc	0.7385262765314213
10	inverse_trace_mc	0.759064367605469
10	random	0.6457274415389682
10	variance	0.7097353404090037
10	variance_mc	0.745226064047019
10	log_det_mc	0.7468268102481036
10	inverse_trace_mc	0.7367250817168786
14	random	0.5842307203348845
14	variance	0.6836802711335391
14	variance_mc	0.7201135427446713
14	log_det_mc	0.7021852975725424
14	inverse_trace_mc	0.750722118816335
14	random	0.6297197261998145
14	variance	0.7496623910142747
14	variance_mc	0.7487461216466642
14	log_det_mc	0.7261592019579712
14	inverse_trace_mc	0.7482312685927976
14	random	0.6268254139003648
14	variance	0.704933686281821
14	variance_mc	0.7016261686419911
14	log_det_mc	0.6630601026772023
14	inverse_trace_mc	0.7243710814061045
14	random	0.6850464158358035
14	variance	0.6712559591937648
14	variance_mc	0.648218884193708
14	log_det_mc	0.7161852399839156
14	inverse_trace_mc	0.7183705242612977
14	random	0.6275352281115167
14	variance	0.6479228443477779
14	variance_mc	0.6843344090530276
14	log_det_mc	0.672650734560024
14	inverse_trace_mc	0.6991958103389
14	random	0.6181401771699248
14	variance	0.7334959679492219
14	variance_mc	0.6882425707663063
14	log_det_mc	0.7391919756182017
14	inverse_trace_mc	0.7088204561608995
14	random	0.6350780962264974
14	variance	0.7077814947100862
14	variance_mc	0.6976977089325483
14	log_det_mc	0.7552504933217494
14	inverse_trace_mc	0.7312215467565778
14	random	0.5960344923732459
14	variance	0.671987147175652
14	variance_mc	0.7085177126989447
14	log_det_mc	0.7236256781728916
14	inverse_trace_mc	0.6906933758906955
14	random	0.6907374533186286
14	variance	0.724933689415965
14	variance_mc	0.7170805896747814
14	log_det_mc	0.7476489206080561
14	inverse_trace_mc	0.7252796743819773
14	random	0.6515489407855267
14	variance	0.7434472270416036
14	variance_mc	0.725899585408282
14	log_det_mc	0.772679939594619
14	inverse_trace_mc	0.7215376936048119
14	random	0.6825879920154517
14	variance	0.6918953673928625
14	variance_mc	0.6369122665505181
14	log_det_mc	0.7540787032278333
14	inverse_trace_mc	0.7106642483042114
14	random	0.6380580268106296
14	variance	0.7206492812929759
14	variance_mc	0.6967117930779407
14	log_det_mc	0.7174580152413118
14	inverse_trace_mc	0.7553793466595278
14	random	0.6414487869193928
14	variance	0.752554953617853
14	variance_mc	0.7269084425254778
14	log_det_mc	0.7028823627113922
14	inverse_trace_mc	0.7650009379247422
14	random	0.6553865348420951
14	variance	0.700691198895697
14	variance_mc	0.6505398623099893
14	log_det_mc	0.7302877516321215
14	inverse_trace_mc	0.7101879964099838
14	random	0.6914544669194551
14	variance	0.6886627949966914
14	variance_mc	0.7522671577918187
14	log_det_mc	0.7510857037315386
14	inverse_trace_mc	0.7954187603835456
14	random	0.5984388300024062
14	variance	0.7129143148958135
14	variance_mc	0.7047506644824398
14	log_det_mc	0.7188979888218431
14	inverse_trace_mc	0.7048665270179312
14	random	0.6112581663297164
14	variance	0.6747997171230015
14	variance_mc	0.6712881669692721
14	log_det_mc	0.706180664331325
14	inverse_trace_mc	0.7267132570142516
14	random	0.6758476738677731
14	variance	0.7294375092310335
14	variance_mc	0.7476948463140469
14	log_det_mc	0.7444532089361937
14	inverse_trace_mc	0.765162915091128
14	random	0.7175834597585261
14	variance	0.714813964474632
14	variance_mc	0.686266170267967
14	log_det_mc	0.7273889575423694
14	inverse_trace_mc	0.7633965728005545
14	random	0.6466782182549835
14	variance	0.6980526872545736
14	variance_mc	0.6766861927653762
14	log_det_mc	0.7187095705385984
14	inverse_trace_mc	0.7150473734873039
14	random	0.6282559084498085
14	variance	0.6813853465207753
14	variance_mc	0.6483687175660342
14	log_det_mc	0.7312880724765471
14	inverse_trace_mc	0.7700627054722743
14	random	0.6799200901423145
14	variance	0.7167264429763448
14	variance_mc	0.7197645171603553
14	log_det_mc	0.6755120523567756
14	inverse_trace_mc	0.7372363542942745
14	random	0.5599790434863405
14	variance	0.654089842630151
14	variance_mc	0.6516234401632153
14	log_det_mc	0.69460007938168
14	inverse_trace_mc	0.7083846400011966
14	random	0.6969758935519589
14	variance	0.6832455160574452
14	variance_mc	0.689938592403158
14	log_det_mc	0.7487592533250823
14	inverse_trace_mc	0.7770478121154367
14	random	0.6713931217683344
14	variance	0.7017956573808032
14	variance_mc	0.7215602145900646
14	log_det_mc	0.6892294133949425
14	inverse_trace_mc	0.716714722993395
14	random	0.6397390154948638
14	variance	0.6320612219014063
14	variance_mc	0.6844168541683726
14	log_det_mc	0.7133175039990587
14	inverse_trace_mc	0.727326632518925
14	random	0.5474186728006147
14	variance	0.6827160348995938
14	variance_mc	0.6586278578742776
14	log_det_mc	0.6797248611242429
14	inverse_trace_mc	0.6865947728819509
14	random	0.6522621638954003
14	variance	0.7317922158145294
14	variance_mc	0.7142512966243443
14	log_det_mc	0.7215921679853802
14	inverse_trace_mc	0.7049004519636884
14	random	0.6318786102005294
14	variance	0.7344732362007168
14	variance_mc	0.7378080761642847
14	log_det_mc	0.7479320633305869
14	inverse_trace_mc	0.7286092896753648
14	random	0.6360251901228061
14	variance	0.7486052928354019
14	variance_mc	0.7446558612625391
14	log_det_mc	0.7264443433007886
14	inverse_trace_mc	0.754470120774865
14	random	0.6360526797934332
14	variance	0.6793930971871073
14	variance_mc	0.7304155528397105
14	log_det_mc	0.740583169584771
14	inverse_trace_mc	0.7307279910659383
14	random	0.602628032204584
14	variance	0.7242218553702814
14	variance_mc	0.6971062469132336
14	log_det_mc	0.7421143005346033
14	inverse_trace_mc	0.7419088612708864
14	random	0.72580105472259
14	variance	0.7209759398311745
14	variance_mc	0.720156926780068
14	log_det_mc	0.7594648260895139
14	inverse_trace_mc	0.7631043724698872
14	random	0.6471585992157894
14	variance	0.7050977222313397
14	variance_mc	0.7007199035747819
14	log_det_mc	0.7004319768488331
14	inverse_trace_mc	0.7421236131642253
14	random	0.6008401286062603
14	variance	0.7169093982117176
14	variance_mc	0.7119967102623569
14	log_det_mc	0.7336350727542589
14	inverse_trace_mc	0.7272563337607778
14	random	0.6766336872469055
14	variance	0.7503264202802723
14	variance_mc	0.7505948707910948
14	log_det_mc	0.7166780430110475
14	inverse_trace_mc	0.7679318760329689
14	random	0.6644764095543373
14	variance	0.7304791660286982
14	variance_mc	0.7023697229110576
14	log_det_mc	0.7331766554796962
14	inverse_trace_mc	0.6853651739322546
14	random	0.6622091550632425
14	variance	0.7047460630459883
14	variance_mc	0.753707709752111
14	log_det_mc	0.7165707327272316
14	inverse_trace_mc	0.7323067210136472
14	random	0.7028776490995239
14	variance	0.7543609688433917
14	variance_mc	0.7043231383559678
14	log_det_mc	0.7295328782006328
14	inverse_trace_mc	0.7330506717974433
14	random	0.689112079363976
14	variance	0.730106254254485
14	variance_mc	0.7264794145678073
14	log_det_mc	0.7686211265086691
14	inverse_trace_mc	0.7112391635045215
14	random	0.6474376600366831
14	variance	0.6976407537032588
14	variance_mc	0.7064388419576938
14	log_det_mc	0.7159626706583809
14	inverse_trace_mc	0.7117543131716757
14	random	0.6340797028063878
14	variance	0.734401882067068
14	variance_mc	0.7163708661490904
14	log_det_mc	0.7316909400120336
14	inverse_trace_mc	0.7231192000339888
14	random	0.6903177154812982
14	variance	0.7016721010472876
14	variance_mc	0.7163155829570195
14	log_det_mc	0.7695684321425283
14	inverse_trace_mc	0.7800532029495881
14	random	0.6467831105860393
14	variance	0.7538259470307376
14	variance_mc	0.7419188020489246
14	log_det_mc	0.6972784650039101
14	inverse_trace_mc	0.7103615311547322
14	random	0.48748607672733846
14	variance	0.6654951422364552
14	variance_mc	0.6101129091511961
14	log_det_mc	0.6702448675793755
14	inverse_trace_mc	0.6860089553600822
14	random	0.5998378481845574
14	variance	0.6933894625398286
14	variance_mc	0.7352384780327706
14	log_det_mc	0.717740564672023
14	inverse_trace_mc	0.7398909153796186
14	random	0.6961326501204977
14	variance	0.741598527812987
14	variance_mc	0.7295001990069236
14	log_det_mc	0.775938167179651
14	inverse_trace_mc	0.7932914465545907
14	random	0.6535398137099556
14	variance	0.7043388350768505
14	variance_mc	0.7492572266635645
14	log_det_mc	0.7475411872167702
14	inverse_trace_mc	0.7212652841460148
14	random	0.6059975476858667
14	variance	0.6862685364112295
14	variance_mc	0.6775400341128186
14	log_det_mc	0.6716171250955937
14	inverse_trace_mc	0.6372329611961467
14	random	0.6055387258020308
14	variance	0.6804451126459704
14	variance_mc	0.7115340333411025
14	log_det_mc	0.7242494224492547
14	inverse_trace_mc	0.7084931555007629
18	random	0.6424847704082297
18	variance	0.666170820073351
18	variance_mc	0.7048556465507035
18	log_det_mc	0.7145445016606664
18	inverse_trace_mc	0.7170379095352046
18	random	0.6827306498749947
18	variance	0.7207830775873261
18	variance_mc	0.7208375255456649
18	log_det_mc	0.7475357681719743
18	inverse_trace_mc	0.745370769944543
18	random	0.7010452429561282
18	variance	0.7492913979376045
18	variance_mc	0.7495901903511983
18	log_det_mc	0.7698711498954193
18	inverse_trace_mc	0.7634449656356933
18	random	0.6208351359624956
18	variance	0.6924863996433331
18	variance_mc	0.7463605546237082
18	log_det_mc	0.7343065721121766
18	inverse_trace_mc	0.691504201064357
18	random	0.6409081868648409
18	variance	0.7509999762955459
18	variance_mc	0.7513922880918676
18	log_det_mc	0.7420843673739896
18	inverse_trace_mc	0.7483379163413268
18	random	0.6931717998248605
18	variance	0.737052732919823
18	variance_mc	0.720368970138153
18	log_det_mc	0.7301408809454166
18	inverse_trace_mc	0.7446316807545258
18	random	0.6055222759495811
18	variance	0.7241844409024576
18	variance_mc	0.7394381457002286
18	log_det_mc	0.7459074567954779
18	inverse_trace_mc	0.7351642231314335
18	random	0.7191257631047595
18	variance	0.6764646451635953
18	variance_mc	0.678751984535559
18	log_det_mc	0.7360075311657627
18	inverse_trace_mc	0.7255858561129223
18	random	0.6944554682394001
18	variance	0.7618426184883849
18	variance_mc	0.7641943369253945
18	log_det_mc	0.7647094910407303
18	inverse_trace_mc	0.7399145267784527
18	random	0.7067429686779435
18	variance	0.7319899965497341
18	variance_mc	0.7526847040393823
18	log_det_mc	0.7608369232268681
18	inverse_trace_mc	0.7428621588540963
18	random	0.6677312696878269
18	variance	0.7280102862535882
18	variance_mc	0.7182532929809954
18	log_det_mc	0.7148417389395921
18	inverse_trace_mc	0.7273108349423945
18	random	0.6652963331939579
18	variance	0.6955356270962049
18	variance_mc	0.7264784073449966
18	log_det_mc	0.7400213181169814
18	inverse_trace_mc	0.729638305308951
18	random	0.727157480230796
18	variance	0.7279900089449141
18	variance_mc	0.7597232987435524
18	log_det_mc	0.7707221907891011
18	inverse_trace_mc	0.7410962390267819
18	random	0.6464807529330886
18	variance	0.6735420181280708
18	variance_mc	0.6791589565620163
18	log_det_mc	0.7052961474844154
18	inverse_trace_mc	0.7414872757337608
18	random	0.6446661243732785
18	variance	0.704394377752934
18	variance_mc	0.6732203413449835
18	log_det_mc	0.7067826634213933
18	inverse_trace_mc	0.7277572457172656
18	random	0.6916858188875347
18	variance	0.7112779679387549
18	variance_mc	0.642972177191397
18	log_det_mc	0.7256456301961766
18	inverse_trace_mc	0.6953528276555931
18	random	0.6918191721104833
18	variance	0.7503097467699701
18	variance_mc	0.750139648733277
18	log_det_mc	0.7517213046822907
18	inverse_trace_mc	0.743471007172771
18	random	0.590349335993314
18	variance	0.7332157309221147
18	variance_mc	0.7305488301851784
18	log_det_mc	0.7312554391528381
18	inverse_trace_mc	0.7117391376062696
18	random	0.7286801478575404
18	variance	0.693988936983131
18	variance_mc	0.7136729047027045
18	log_det_mc	0.7705939602817752
18	inverse_trace_mc	0.7278994447648572
18	random	0.6860584971060789
18	variance	0.6775681052353286
18	variance_mc	0.7007908016050615
18	log_det_mc	0.711997806241362
18	inverse_trace_mc	0.7242514627619191
18	random	0.7191903449064831
18	variance	0.7167715119080239
18	variance_mc	0.7061049846745057
18	log_det_mc	0.6735424895175871
18	inverse_trace_mc	0.7317721230193869
18	random	0.7130675567347176
18	variance	0.7540148400045424
18	variance_mc	0.7054397877551979
18	log_det_mc	0.7145936146992482
18	inverse_trace_mc	0.7451752533286106
18	random	0.7157626072999848
18	variance	0.7215215066063375
18	variance_mc	0.6729327591261208
18	log_det_mc	0.6912950789924149
18	inverse_trace_mc	0.7111145778003802
18	random	0.687613242419598
18	variance	0.7403091497321446
18	variance_mc	0.7673570981502215
18	log_det_mc	0.7586747441490006
18	inverse_trace_mc	0.7447680375550433
18	random	0.7094915026561551
18	variance	0.7591172293030672
18	variance_mc	0.7671935331154653
18	log_det_mc	0.7538467176375216
18	inverse_trace_mc	0.7587606563980256
18	random	0.6166511094332113
18	variance	0.7602936481126484
18	variance_mc	0.7318842623806953
18	log_det_mc	0.7524737775021852
18	inverse_trace_mc	0.7495417648011883
18	random	0.6420273338716636
18	variance	0.7400253026087545
18	variance_mc	0.7312107817952982
18	log_det_mc	0.7716567435781108
18	inverse_trace_mc	0.7417366053363744
18	random	0.7145938280839945
18	variance	0.7059482058610322
18	variance_mc	0.6759796745111952
18	log_det_mc	0.765691238095514
18	inverse_trace_mc	0.6924663566243731
18	random	0.6425117266665137
18	variance	0.6521201193509438
18	variance_mc	0.6880755486245029
18	log_det_mc	0.7123181875873972
18	inverse_trace_mc	0.7072288473883112
18	random	0.7193794534169609
18	variance	0.7189172488069578
18	variance_mc	0.7315342757634301
18	log_det_mc	0.7513849684436195
18	inverse_trace_mc	0.7330094568412538
18	random	0.6589758291612193
18	variance	0.727421721483062
18	variance_mc	0.7086689538150363
18	log_det_mc	0.7403440999628035
18	inverse_trace_mc	0.7352815318923782
18	random	0.6801542460326352
18	variance	0.7605131900343718
18	variance_mc	0.7359225323854037
18	log_det_mc	0.7228575477222611
18	inverse_trace_mc	0.7558631994120228
18	random	0.6618968498489263
18	variance	0.7633805330077795
18	variance_mc	0.7303873083867994
18	log_det_mc	0.7565284871586245
18	inverse_trace_mc	0.7384484270965426
18	random	0.6505152528811425
18	variance	0.6862392235353814
18	variance_mc	0.7024963517674829
18	log_det_mc	0.7431239388800224
18	inverse_trace_mc	0.7400162486517143
18	random	0.6636731991549861
18	variance	0.7371339999723255
18	variance_mc	0.6998639614880295
18	log_det_mc	0.745977186921345
18	inverse_trace_mc	0.7677039069986555
18	random	0.6609108676394614
18	variance	0.6937905049969864
18	variance_mc	0.7186355965478891
18	log_det_mc	0.7196866238783945
18	inverse_trace_mc	0.6966656952394775
18	random	0.6657878289776082
18	variance	0.7246871807534048
18	variance_mc	0.681502422304736
18	log_det_mc	0.759100765615518
18	inverse_trace_mc	0.7192969839469759
18	random	0.6067834410725982
18	variance	0.6585237145783691
18	variance_mc	0.7093224751671802
18	log_det_mc	0.6675400852114288
18	inverse_trace_mc	0.6931555174076146
18	random	0.7670510380640243
18	variance	0.7622564032080025
18	variance_mc	0.7129306564783181
18	log_det_mc	0.7504412709757065
18	inverse_trace_mc	0.7386219190405248
18	random	0.6236574162983999
18	variance	0.7347112865705062
18	variance_mc	0.7228601340846647
18	log_det_mc	0.7457995045668361
18	inverse_trace_mc	0.7507607712825897
18	random	0.6752008025043648
18	variance	0.7445797085673588
18	variance_mc	0.6988518719416471
18	log_det_mc	0.7513193072277112
18	inverse_trace_mc	0.7247128086601131
18	random	0.5567987750571187
18	variance	0.6631725587514208
18	variance_mc	0.6965012933941567
18	log_det_mc	0.66786628642999
18	inverse_trace_mc	0.694202884129434
18	random	0.5977353470923885
18	variance	0.6964874726344198
18	variance_mc	0.6995227028413058
18	log_det_mc	0.7381217236859078
18	inverse_trace_mc	0.7469965875923475
18	random	0.726951399847193
18	variance	0.7082975210649829
18	variance_mc	0.7436811840823059
18	log_det_mc	0.7361850935564469
18	inverse_trace_mc	0.7698501058376848
18	random	0.637849015018211
18	variance	0.7250360694385602
18	variance_mc	0.7369202343634392
18	log_det_mc	0.7051459898537399
18	inverse_trace_mc	0.7306504197146614
18	random	0.6397721256094255
18	variance	0.7334038168934575
18	variance_mc	0.7038519577765809
18	log_det_mc	0.732542469837599
18	inverse_trace_mc	0.7217601915978106
18	random	0.6725973092064742
18	variance	0.7789371257417023
18	variance_mc	0.7764398933564947
18	log_det_mc	0.7630723796227453
18	inverse_trace_mc	0.7568670583486402
18	random	0.6713129650650348
18	variance	0.7196480930395717
18	variance_mc	0.713931959219381
18	log_det_mc	0.7460524246217878
18	inverse_trace_mc	0.714229248042794
18	random	0.6568847058881823
18	variance	0.6988047631147114
18	variance_mc	0.6896130954976042
18	log_det_mc	0.7232587245395418
18	inverse_trace_mc	0.7064789912736338
18	random	0.6788194675429037
18	variance	0.7272046452785724
18	variance_mc	0.7453403088698712
18	log_det_mc	0.7525368282926859
18	inverse_trace_mc	0.7649739410406162
24	random	0.7106326185008525
24	variance	0.7379730730395704
24	variance_mc	0.7631223366426719
24	log_det_mc	0.7051044001864928
24	inverse_trace_mc	0.7730399741717152
24	random	0.6782646763782532
24	variance	0.7514899431131736
24	variance_mc	0.7275189018299603
24	log_det_mc	0.7449692248606765
24	inverse_trace_mc	0.7031409319408719
24	random	0.6714768281696601
24	variance	0.7523909019992825
24	variance_mc	0.7389176401591422
24	log_det_mc	0.7360633057463216
24	inverse_trace_mc	0.708126683301487
24	random	0.5815342463992107
24	variance	0.7408869989277317
24	variance_mc	0.7291711296552286
24	log_det_mc	0.755472625833605
24	inverse_trace_mc	0.7382720863863846
24	random	0.6477950438263428
24	variance	0.6945537348641065
24	variance_mc	0.7393065514953567
24	log_det_mc	0.6796806553552277
24	inverse_trace_mc	0.680347579639469
24	random	0.6881632444664884
24	variance	0.73241420809317
24	variance_mc	0.7269485784867942
24	log_det_mc	0.7056936586136855
24	inverse_trace_mc	0.6817942450439904
24	random	0.6756886064010383
24	variance	0.7450380973282409
24	variance_mc	0.6997968619301539
24	log_det_mc	0.7008914257173523
24	inverse_trace_mc	0.716380181023934
24	random	0.7107662450717018
24	variance	0.7747742219653255
24	variance_mc	0.7506567125966561
24	log_det_mc	0.7150138125281037
24	inverse_trace_mc	0.7260173791359632
24	random	0.6626064852821019
24	variance	0.7371386208327473
24	variance_mc	0.7613014248227042
24	log_det_mc	0.7701976848876965
24	inverse_trace_mc	0.7666755129723989
24	random	0.6146520097316879
24	variance	0.7249132148127357
24	variance_mc	0.7346318804093627
24	log_det_mc	0.7575948517933836
24	inverse_trace_mc	0.7553380886360797
24	random	0.6925478246021931
24	variance	0.6655820678054345
24	variance_mc	0.7402216724161786
24	log_det_mc	0.7348023101854895
24	inverse_trace_mc	0.6949326173663074
24	random	0.6905127837062636
24	variance	0.7435997395287947
24	variance_mc	0.7170292280066625
24	log_det_mc	0.7082526284519055
24	inverse_trace_mc	0.7459614452373801
24	random	0.7356031618617387
24	variance	0.7216742449944097
24	variance_mc	0.7374449693123719
24	log_det_mc	0.7433739807967438
24	inverse_trace_mc	0.7338662799362058
24	random	0.6694856556908069
24	variance	0.7648874533963126
24	variance_mc	0.7541565601513224
24	log_det_mc	0.7635769851357753
24	inverse_trace_mc	0.7463762717017055
24	random	0.6129034494295059
24	variance	0.7175015727726166
24	variance_mc	0.7244467620091871
24	log_det_mc	0.7204901760767964
24	inverse_trace_mc	0.741816420320232
24	random	0.6829356627317926
24	variance	0.739176595366741
24	variance_mc	0.7467536029095807
24	log_det_mc	0.7153473405584037
24	inverse_trace_mc	0.7424344330752638
24	random	0.6490878594286196
24	variance	0.707922039156011
24	variance_mc	0.6802424030575416
24	log_det_mc	0.7467304869096391
24	inverse_trace_mc	0.7509928893358733
24	random	0.6968522477992665
24	variance	0.7176656331300358
24	variance_mc	0.7509349427670736
24	log_det_mc	0.752022104832084
24	inverse_trace_mc	0.7531655164897633
24	random	0.7079478202057793
24	variance	0.7257025346947399
24	variance_mc	0.7315888761265897
24	log_det_mc	0.7752364944856646
24	inverse_trace_mc	0.7553570660025757
24	random	0.7372064450092276
24	variance	0.7424342071319389
24	variance_mc	0.740884875656392
24	log_det_mc	0.755626179915488
24	inverse_trace_mc	0.7588774282621735
24	random	0.6684322110914935
24	variance	0.69210723969677
24	variance_mc	0.7104359862665077
24	log_det_mc	0.6961151758751972
24	inverse_trace_mc	0.7060017538354247
24	random	0.6556138417574033
24	variance	0.6874081263963484
24	variance_mc	0.733165168326604
24	log_det_mc	0.7043490034063532
24	inverse_trace_mc	0.7216772928071755
24	random	0.6507854031891811
24	variance	0.76451213185342
24	variance_mc	0.7393626939539961
24	log_det_mc	0.7289262732759777
24	inverse_trace_mc	0.7112398628219906
24	random	0.666502075287435
24	variance	0.7209723677795746
24	variance_mc	0.7434491121699078
24	log_det_mc	0.7111490676360186
24	inverse_trace_mc	0.745856135522904
24	random	0.6425417047676024
24	variance	0.7217139317626108
24	variance_mc	0.7283311584331583
24	log_det_mc	0.6753353269224274
24	inverse_trace_mc	0.7077898849426748
24	random	0.6923658253464526
24	variance	0.7193089616981048
24	variance_mc	0.7475751185789729
24	log_det_mc	0.70887419359342
24	inverse_trace_mc	0.7331611295352475
24	random	0.6994898099378497
24	variance	0.7357281158558808
24	variance_mc	0.7084111495604487
24	log_det_mc	0.7058660374610212
24	inverse_trace_mc	0.7265164137282836
24	random	0.7107573075750035
24	variance	0.7462437354972129
24	variance_mc	0.759565018329791
24	log_det_mc	0.7572218647076934
24	inverse_trace_mc	0.7668932235583615
24	random	0.7028163507745802
24	variance	0.7316070226082763
24	variance_mc	0.7801825341539256
24	log_det_mc	0.7524876928944748
24	inverse_trace_mc	0.7336353398577551
24	random	0.6722990079928763
24	variance	0.6780944631667725
24	variance_mc	0.7098210585011068
24	log_det_mc	0.7389777239249533
24	inverse_trace_mc	0.7487563426911554
24	random	0.7165270152710563
24	variance	0.7640300770861764
24	variance_mc	0.7332628036416146
24	log_det_mc	0.7632270846921548
24	inverse_trace_mc	0.7399042951316946
24	random	0.725715020461112
24	variance	0.7699761890195816
24	variance_mc	0.7980392986109462
24	log_det_mc	0.7709014537343991
24	inverse_trace_mc	0.7988061199106604
24	random	0.7149764057439185
24	variance	0.7638381697319768
24	variance_mc	0.7659413220602438
24	log_det_mc	0.7665224560157574
24	inverse_trace_mc	0.7342802316945564
24	random	0.6698284203303992
24	variance	0.7268965145508414
24	variance_mc	0.7398509381298021
24	log_det_mc	0.7592631934328662
24	inverse_trace_mc	0.7782946179940576
24	random	0.7269220282477704
24	variance	0.7270219762339094
24	variance_mc	0.723825211156373
24	log_det_mc	0.7123217882324083
24	inverse_trace_mc	0.7482314563752644
24	random	0.645522327480583
24	variance	0.7808762267207837
24	variance_mc	0.7534827575036831
24	log_det_mc	0.7658615608244103
24	inverse_trace_mc	0.7803454567417086
24	random	0.6639344269949705
24	variance	0.7379615628828445
24	variance_mc	0.6943608688408072
24	log_det_mc	0.7306695686032156
24	inverse_trace_mc	0.7415882948940623
24	random	0.7330907782585098
24	variance	0.6798855822507941
24	variance_mc	0.7166391785194524
24	log_det_mc	0.7369957630349727
24	inverse_trace_mc	0.7393903763932514
24	random	0.6613776629875572
24	variance	0.6580878572628958
24	variance_mc	0.6930862129449838
24	log_det_mc	0.7130847455184065
24	inverse_trace_mc	0.7003878493852876
24	random	0.5939665986585632
24	variance	0.7343081596908554
24	variance_mc	0.7164453940020324
24	log_det_mc	0.6989128097799684
24	inverse_trace_mc	0.723608384233144
24	random	0.590473799855446
24	variance	0.712251271595021
24	variance_mc	0.7051050914511791
24	log_det_mc	0.7122089056461222
24	inverse_trace_mc	0.7324060451775021
24	random	0.6496614108266654
24	variance	0.7573827449335144
24	variance_mc	0.7646491136538903
24	log_det_mc	0.7375491031556535
24	inverse_trace_mc	0.7728102525024474
24	random	0.6898726982286022
24	variance	0.7649920133930866
24	variance_mc	0.7458781297879226
24	log_det_mc	0.7396468658235623
24	inverse_trace_mc	0.7569925044039869
24	random	0.7320574879950276
24	variance	0.7565729586604238
24	variance_mc	0.7492180139540872
24	log_det_mc	0.7628452211130503
24	inverse_trace_mc	0.7381172236771166
24	random	0.7281474016655585
24	variance	0.7433181267369174
24	variance_mc	0.7757391051720828
24	log_det_mc	0.7591827662451622
24	inverse_trace_mc	0.7727132531475635
24	random	0.6900431822376876
24	variance	0.7463279129181212
24	variance_mc	0.7142792398970498
24	log_det_mc	0.7456472705056195
24	inverse_trace_mc	0.7251857186955525
24	random	0.6666292475184082
24	variance	0.6881390789546319
24	variance_mc	0.7273114517568577
24	log_det_mc	0.7330666405695327
24	inverse_trace_mc	0.7336600807044465
24	random	0.6662863993866431
24	variance	0.7858548732258891
24	variance_mc	0.7510159947442893
24	log_det_mc	0.7638552729006265
24	inverse_trace_mc	0.7815609743894664
24	random	0.7529108433014501
24	variance	0.7314088694308136
24	variance_mc	0.743109857007953
24	log_det_mc	0.729437146827353
24	inverse_trace_mc	0.7629813248572558
24	random	0.6799636354971441
24	variance	0.7329988360118619
24	variance_mc	0.7363671749610113
24	log_det_mc	0.7612628676597389
24	inverse_trace_mc	0.7605224662373299
28	random	0.6808948332230624
28	variance	0.7224303744348097
28	variance_mc	0.7439582524402361
28	log_det_mc	0.7401834236050726
28	inverse_trace_mc	0.7223691728520303
28	random	0.6738007854045723
28	variance	0.6717587125384687
28	variance_mc	0.7150592143097552
28	log_det_mc	0.7700384930548924
28	inverse_trace_mc	0.7155413838172354
28	random	0.6851946456002305
28	variance	0.7478025922985425
28	variance_mc	0.7228027913429127
28	log_det_mc	0.7267291910143653
28	inverse_trace_mc	0.7541173507191714
28	random	0.7334111532052402
28	variance	0.7499932903268183
28	variance_mc	0.7160509868578494
28	log_det_mc	0.7054661510779676
28	inverse_trace_mc	0.7187781263294754
28	random	0.6509913567805964
28	variance	0.7134670770955542
28	variance_mc	0.7519645444034289
28	log_det_mc	0.7249397698173505
28	inverse_trace_mc	0.7229685289864962
28	random	0.6822878950861713
28	variance	0.6933142181211471
28	variance_mc	0.7418832027488093
28	log_det_mc	0.7508908101776488
28	inverse_trace_mc	0.7659064409007332
28	random	0.7155598878169969
28	variance	0.7205534698939862
28	variance_mc	0.7229920213346491
28	log_det_mc	0.7161422752621511
28	inverse_trace_mc	0.7119330297434255
28	random	0.7219537514274638
28	variance	0.7360925126458134
28	variance_mc	0.7440680528060435
28	log_det_mc	0.7496514265294045
28	inverse_trace_mc	0.7304244276675801
28	random	0.7015174443448021
28	variance	0.7336184214587295
28	variance_mc	0.713271559653008
28	log_det_mc	0.7381506731145097
28	inverse_trace_mc	0.7413881121523819
28	random	0.7210426555792231
28	variance	0.7835002802106172
28	variance_mc	0.7663399981809107
28	log_det_mc	0.7497531745936308
28	inverse_trace_mc	0.8012975057393734
28	random	0.712644487094591
28	variance	0.7168277599901728
28	variance_mc	0.7115555909075691
28	log_det_mc	0.7760062921573478
28	inverse_trace_mc	0.7618908095263781
28	random	0.7011354152522479
28	variance	0.7474211900746278
28	variance_mc	0.7458450606712602
28	log_det_mc	0.7700917413101679
28	inverse_trace_mc	0.7438231265296824
28	random	0.6648522301581083
28	variance	0.743788727716389
28	variance_mc	0.7436013447734133
28	log_det_mc	0.7222312202243156
28	inverse_trace_mc	0.716492375877911
28	random	0.7035965077197789
28	variance	0.7584757868892017
28	variance_mc	0.7596057344145882
28	log_det_mc	0.7033740753444514
28	inverse_trace_mc	0.7671166376664373
28	random	0.7669589553609364
28	variance	0.7622442503431377
28	variance_mc	0.7390200556861161
28	log_det_mc	0.7451896436748024
28	inverse_trace_mc	0.7511585760909768
28	random	0.6181382594026102
28	variance	0.7037551398556129
28	variance_mc	0.711492743935924
28	log_det_mc	0.6867630744312656
28	inverse_trace_mc	0.7160937523320327
28	random	0.7482407279549913
28	variance	0.7260713325747572
28	variance_mc	0.7225973615754419
28	log_det_mc	0.7644607732304903
28	inverse_trace_mc	0.7614387593827905
28	random	0.699905298828164
28	variance	0.6807447805021702
28	variance_mc	0.6583356014338766
28	log_det_mc	0.7171789269163265
28	inverse_trace_mc	0.7365782767470874
28	random	0.6005911964482157
28	variance	0.6794413493680244
28	variance_mc	0.6998518291276803
28	log_det_mc	0.6866757657500087
28	inverse_trace_mc	0.7249052800564193
28	random	0.6377238527289452
28	variance	0.7015492854657133
28	variance_mc	0.7054997193045363
28	log_det_mc	0.68060720548729
28	inverse_trace_mc	0.7009849339653963
28	random	0.6855916915127781
28	variance	0.7198208008353051
28	variance_mc	0.7793986266221058
28	log_det_mc	0.7418807995779755
28	inverse_trace_mc	0.7365887408910252
28	random	0.6390334283065827
28	variance	0.7125621758363546
28	variance_mc	0.6992671084230202
28	log_det_mc	0.7078038234090622
28	inverse_trace_mc	0.7218353698748046
28	random	0.6832276002471473
28	variance	0.7378475887665105
28	variance_mc	0.6960551062851573
28	log_det_mc	0.7257141191984384
28	inverse_trace_mc	0.7466592307060571
28	random	0.6952488608679229
28	variance	0.7707296331922846
28	variance_mc	0.7810256247138527
28	log_det_mc	0.7676792410477312
28	inverse_trace_mc	0.7863286425784632
28	random	0.6617809294401925
28	variance	0.7259799729045142
28	variance_mc	0.7011483591419947
28	log_det_mc	0.7078769007087916
28	inverse_trace_mc	0.7161211388935169
28	random	0.6253113951257566
28	variance	0.7155735510455369
28	variance_mc	0.7542552644363962
28	log_det_mc	0.7395219402059928
28	inverse_trace_mc	0.7403760766493237
28	random	0.6152315214781272
28	variance	0.7362544110129761
28	variance_mc	0.7348984590986034
28	log_det_mc	0.755137290836354
28	inverse_trace_mc	0.7065705872194873
28	random	0.7065028463978007
28	variance	0.7611519299605862
28	variance_mc	0.7281472181461294
28	log_det_mc	0.7567590391568162
28	inverse_trace_mc	0.7155317523894694
28	random	0.7221968425367035
28	variance	0.72646759148129
28	variance_mc	0.7035090538209813
28	log_det_mc	0.7782750852641525
28	inverse_trace_mc	0.745734654179682
28	random	0.6874877772116611
28	variance	0.7292166228425973
28	variance_mc	0.7242517382095798
28	log_det_mc	0.7379935025635213
28	inverse_trace_mc	0.7388014364046059
28	random	0.6871397778130738
28	variance	0.7589222598996765
28	variance_mc	0.7534094152023073
28	log_det_mc	0.7435086762784722
28	inverse_trace_mc	0.735116040955869
28	random	0.6563379001112634
28	variance	0.7703171679032027
28	variance_mc	0.7185591068667608
28	log_det_mc	0.6934857619726841
28	inverse_trace_mc	0.7145068130233226
28	random	0.7179161205497153
28	variance	0.7507018696369928
28	variance_mc	0.7692133981107792
28	log_det_mc	0.7313334466601844
28	inverse_trace_mc	0.7318040590098184
28	random	0.6463856813981699
28	variance	0.7181720078606654
28	variance_mc	0.7309660787970729
28	log_det_mc	0.7229132294394935
28	inverse_trace_mc	0.7061453924967539
28	random	0.626189411729619
28	variance	0.6338488797174955
28	variance_mc	0.6682043805267046
28	log_det_mc	0.7397638779744976
28	inverse_trace_mc	0.758908526332814
28	random	0.6559047465836307
28	variance	0.7365404672458641
28	variance_mc	0.7609223196345043
28	log_det_mc	0.7335321577154843
28	inverse_trace_mc	0.7647069196365714
28	random	0.7827494581836069
28	variance	0.7678395995680216
28	variance_mc	0.7610549431338028
28	log_det_mc	0.7660741505186863
28	inverse_trace_mc	0.7614044316214924
28	random	0.6073853323400541
28	variance	0.721390739907471
28	variance_mc	0.6994400342575626
28	log_det_mc	0.6840230889588986
28	inverse_trace_mc	0.7199641644285613
28	random	0.7114382586963002
28	variance	0.7713151666433613
28	variance_mc	0.7228141875375395
28	log_det_mc	0.75529443807703
28	inverse_trace_mc	0.7792831676684818
28	random	0.7280624254333721
28	variance	0.7466280094290406
28	variance_mc	0.7109055332920922
28	log_det_mc	0.7442551913757842
28	inverse_trace_mc	0.7238414819073586
28	random	0.687184124852525
28	variance	0.7320845268833247
28	variance_mc	0.7410581592086035
28	log_det_mc	0.7609727589616297
28	inverse_trace_mc	0.7402486884234971
28	random	0.6524409237980394
28	variance	0.7183318480195912
28	variance_mc	0.7109653694830296
28	log_det_mc	0.7065184615754402
28	inverse_trace_mc	0.7303214904945371
28	random	0.6386976249222965
28	variance	0.7472443815097061
28	variance_mc	0.7032100538188946
28	log_det_mc	0.7049491924469062
28	inverse_trace_mc	0.7233078230476244
28	random	0.6105348576400066
28	variance	0.7175752965989893
28	variance_mc	0.6934542882614845
28	log_det_mc	0.7106556041030273
28	inverse_trace_mc	0.711193246104216
28	random	0.70380295171728
28	variance	0.7128531347334983
28	variance_mc	0.7436649622873738
28	log_det_mc	0.7148583862039017
28	inverse_trace_mc	0.7498397933775391
28	random	0.6794390061163557
28	variance	0.6883233504669155
28	variance_mc	0.7401216140603373
28	log_det_mc	0.7482841892112594
28	inverse_trace_mc	0.7142723068033114
28	random	0.6355689692682327
28	variance	0.7234691544434512
28	variance_mc	0.7260795311424191
28	log_det_mc	0.7476593275959539
28	inverse_trace_mc	0.7702907681403768
28	random	0.6624551458205785
28	variance	0.7545807217671546
28	variance_mc	0.7479107278626849
28	log_det_mc	0.7154249247379134
28	inverse_trace_mc	0.7524154456423073
28	random	0.6688133603703288
28	variance	0.7356731771839181
28	variance_mc	0.7083069152918032
28	log_det_mc	0.727693135620777
28	inverse_trace_mc	0.7387816167174331
28	random	0.6966058478570472
28	variance	0.7343446706691068
28	variance_mc	0.759469026089804
28	log_det_mc	0.7595394304687066
28	inverse_trace_mc	0.7546661082208995
