n_task	metric	accuracy
3	random	0.695027863334436
3	variance	0.8741714745185925
3	variance_mc	0.8732915958415266
3	log_det_mc	0.8847450134562553
3	inverse_trace_mc	0.8561202933693857
3	random	0.8058772238942074
3	variance	0.7922329374140138
3	variance_mc	0.7949678188360607
3	log_det_mc	0.7809261352439579
3	inverse_trace_mc	0.7751774858538213
3	random	0.8131243168952882
3	variance	0.8476991035104944
3	variance_mc	0.8463527068808485
3	log_det_mc	0.8413339150092366
3	inverse_trace_mc	0.8653615993166485
3	random	0.7311361618051508
3	variance	0.6486074196729672
3	variance_mc	0.8154502954442222
3	log_det_mc	0.6727713656001422
3	inverse_trace_mc	0.6815088026519037
3	random	0.7947481733919886
3	variance	0.6999514702596504
3	variance_mc	0.7999082257212741
3	log_det_mc	0.8069669842347813
3	inverse_trace_mc	0.8427646278018894
3	random	0.6437686982991241
3	variance	0.9244165015320074
3	variance_mc	0.6802593923772191
3	log_det_mc	0.7320273549413778
3	inverse_trace_mc	0.7464648457352298
3	random	0.6175774492751542
3	variance	0.7662837584053047
3	variance_mc	0.8160325866350387
3	log_det_mc	0.8122722131022719
3	inverse_trace_mc	0.7867815560604118
3	random	0.6565058956048011
3	variance	0.6938174713828285
3	variance_mc	0.8290860925354071
3	log_det_mc	0.887346062502664
3	inverse_trace_mc	0.9110248704468664
3	random	0.5583483347698917
3	variance	0.5376601483656338
3	variance_mc	0.7775148686071829
3	log_det_mc	0.5256235246120463
3	inverse_trace_mc	0.5263000754054215
3	random	0.6774468602313253
3	variance	0.7444407838119237
3	variance_mc	0.7187853369254692
3	log_det_mc	0.8335752697584056
3	inverse_trace_mc	0.8134406214932508
3	random	0.7525596920295675
3	variance	0.8471234439558786
3	variance_mc	0.7015935095676836
3	log_det_mc	0.8108240215913455
3	inverse_trace_mc	0.7995874080778278
3	random	0.5139676713958647
3	variance	0.5202819885563666
3	variance_mc	0.711801959003781
3	log_det_mc	0.7151884229254607
3	inverse_trace_mc	0.7428124264106513
3	random	0.5880989550261122
3	variance	0.713880386265349
3	variance_mc	0.6341233750200491
3	log_det_mc	0.6512766701443421
3	inverse_trace_mc	0.6243581553573918
3	random	0.8208755048343804
3	variance	0.8539164217667484
3	variance_mc	0.6293005443145785
3	log_det_mc	0.8955101886533158
3	inverse_trace_mc	0.8656943781003638
3	random	0.6480869388731215
3	variance	0.706943167678544
3	variance_mc	0.7151461643807239
3	log_det_mc	0.7225836093349727
3	inverse_trace_mc	0.6976755341239285
3	random	0.7276843903406878
3	variance	0.6235560528468919
3	variance_mc	0.4939633406974028
3	log_det_mc	0.47704414321621247
3	inverse_trace_mc	0.5041131207042798
3	random	0.8288729780490052
3	variance	0.833697605536694
3	variance_mc	0.8372373060316097
3	log_det_mc	0.8314371146039776
3	inverse_trace_mc	0.6526520348321485
3	random	0.6908754154484025
3	variance	0.7827261600533724
3	variance_mc	0.8050678344011996
3	log_det_mc	0.8032600656191523
3	inverse_trace_mc	0.7748307696340191
3	random	0.8514468818294789
3	variance	0.6638525023395259
3	variance_mc	0.6836856839617091
3	log_det_mc	0.6748220985486789
3	inverse_trace_mc	0.6905048796084733
3	random	0.8465601844796453
3	variance	0.7123727291841693
3	variance_mc	0.7769636066033754
3	log_det_mc	0.7644723941217109
3	inverse_trace_mc	0.7481849837436512
3	random	0.6252444165898646
3	variance	0.7709021282315871
3	variance_mc	0.7000712531595602
3	log_det_mc	0.7252165054900469
3	inverse_trace_mc	0.7328408045376305
3	random	0.8904181140004241
3	variance	0.8707226040085335
3	variance_mc	0.8235594243466156
3	log_det_mc	0.8264442376806285
3	inverse_trace_mc	0.8217445731672441
3	random	0.6415383457570657
3	variance	0.8908374758921926
3	variance_mc	0.8736023871003333
3	log_det_mc	0.8682792482014023
3	inverse_trace_mc	0.8603024397159885
3	random	0.7292703324094376
3	variance	0.7842497403023304
3	variance_mc	0.7625591303672443
3	log_det_mc	0.758992354958156
3	inverse_trace_mc	0.7231487770047474
3	random	0.6008912627316327
3	variance	0.6839752565946169
3	variance_mc	0.5622062773313247
3	log_det_mc	0.582569684518211
3	inverse_trace_mc	0.857951918100676
3	random	0.7074260060570247
3	variance	0.893043692998915
3	variance_mc	0.7923550888972677
3	log_det_mc	0.8160552396041496
3	inverse_trace_mc	0.6531855526053838
3	random	0.7962366525033056
3	variance	0.7201737712448906
3	variance_mc	0.7298178684106381
3	log_det_mc	0.8372141173253237
3	inverse_trace_mc	0.7961576848946261
3	random	0.8652739798403156
3	variance	0.7763093911764994
3	variance_mc	0.7979523134810738
3	log_det_mc	0.7941438477794789
3	inverse_trace_mc	0.7888094336161572
3	random	0.8228435122534681
3	variance	0.82346528319309
3	variance_mc	0.8076645350501714
3	log_det_mc	0.7831630269683345
3	inverse_trace_mc	0.8010614036068132
3	random	0.630532116097891
3	variance	0.6934679000864576
3	variance_mc	0.6528261119356293
3	log_det_mc	0.6144523054724295
3	inverse_trace_mc	0.5838722895565286
3	random	0.845252550159631
3	variance	0.5848247591577258
3	variance_mc	0.8055334031057042
3	log_det_mc	0.7886657668391241
3	inverse_trace_mc	0.7996280518454904
3	random	0.6345229572482927
3	variance	0.7756897879968535
3	variance_mc	0.8650357935467181
3	log_det_mc	0.8654744543943622
3	inverse_trace_mc	0.8654466895908826
3	random	0.6618975622374648
3	variance	0.7276999374253003
3	variance_mc	0.5757430366877244
3	log_det_mc	0.583783213068903
3	inverse_trace_mc	0.5386365185017404
3	random	0.6280062972624756
3	variance	0.7403796910709257
3	variance_mc	0.7980359415960003
3	log_det_mc	0.7830761562882969
3	inverse_trace_mc	0.7570491184458592
3	random	0.7071232988157085
3	variance	0.605036554054098
3	variance_mc	0.7872876621827344
3	log_det_mc	0.7718312296114713
3	inverse_trace_mc	0.7635161660998995
3	random	0.7065277583978209
3	variance	0.7703978365139443
3	variance_mc	0.7920904813568455
3	log_det_mc	0.7676433950779212
3	inverse_trace_mc	0.771543455646969
3	random	0.7884030630859213
3	variance	0.693300790324855
3	variance_mc	0.6835555136429383
3	log_det_mc	0.7064168258101229
3	inverse_trace_mc	0.6860247479421395
3	random	0.6952221771578935
3	variance	0.7719160069405547
3	variance_mc	0.6843547229478885
3	log_det_mc	0.6787040694669285
3	inverse_trace_mc	0.7162444871128147
3	random	0.8501807185294722
3	variance	0.8027713389459188
3	variance_mc	0.7949110478020422
3	log_det_mc	0.777898606842586
3	inverse_trace_mc	0.8145579569811172
3	random	0.8516438052510336
3	variance	0.4236409474351521
3	variance_mc	0.5849061182765315
3	log_det_mc	0.801172837160896
3	inverse_trace_mc	0.8241640875877657
3	random	0.7350817498547889
3	variance	0.8376379338055093
3	variance_mc	0.8465678615216199
3	log_det_mc	0.8294136966567098
3	inverse_trace_mc	0.8517280126672109
3	random	0.6620369844188004
3	variance	0.7123566712519636
3	variance_mc	0.7052737950183922
3	log_det_mc	0.7058697284383989
3	inverse_trace_mc	0.8461141050251199
3	random	0.692174140362741
3	variance	0.7878790791526362
3	variance_mc	0.820835199269494
3	log_det_mc	0.6842316126460125
3	inverse_trace_mc	0.6690633894547522
3	random	0.5685238485238486
3	variance	0.8284724125105103
3	variance_mc	0.8621930860719411
3	log_det_mc	0.730044357859036
3	inverse_trace_mc	0.7503619208921585
3	random	0.8289024014595544
3	variance	0.6840280184717754
3	variance_mc	0.7550931284977438
3	log_det_mc	0.7431957607669407
3	inverse_trace_mc	0.7509764042422993
3	random	0.5891165759452246
3	variance	0.8617404974756584
3	variance_mc	0.843074455855518
3	log_det_mc	0.8623664697287925
3	inverse_trace_mc	0.8565335916460441
3	random	0.6670801547258215
3	variance	0.6735374749975973
3	variance_mc	0.6917831797768903
3	log_det_mc	0.7499177911389256
3	inverse_trace_mc	0.7618697048839244
3	random	0.8085471111106287
3	variance	0.6775175003760293
3	variance_mc	0.8501328540987064
3	log_det_mc	0.831191910105988
3	inverse_trace_mc	0.8371821944107798
3	random	0.5349798647906975
3	variance	0.6086286090167288
3	variance_mc	0.7343547897532793
3	log_det_mc	0.7232729428430311
3	inverse_trace_mc	0.7728174225286942
3	random	0.7318033161510814
3	variance	0.6400617295564864
3	variance_mc	0.893591143252844
3	log_det_mc	0.7930100870766387
3	inverse_trace_mc	0.7943157488966183
4	random	0.8314304636842185
4	variance	0.742597711234169
4	variance_mc	0.7756785233898398
4	log_det_mc	0.7537558672435426
4	inverse_trace_mc	0.8756531511334288
4	random	0.7830547387442852
4	variance	0.7240980745531487
4	variance_mc	0.7142478334823019
4	log_det_mc	0.7224982172963954
4	inverse_trace_mc	0.7061610451600191
4	random	0.8297483936832443
4	variance	0.7782716240885204
4	variance_mc	0.8361352821951208
4	log_det_mc	0.7883982839766787
4	inverse_trace_mc	0.8603248544217017
4	random	0.765708616408018
4	variance	0.677459817766205
4	variance_mc	0.7493145054754115
4	log_det_mc	0.6985344779455231
4	inverse_trace_mc	0.7523391638811832
4	random	0.8378678194112017
4	variance	0.7280324608893571
4	variance_mc	0.8269280165358448
4	log_det_mc	0.8218040962760293
4	inverse_trace_mc	0.8338807613959708
4	random	0.795119728249654
4	variance	0.785122960116508
4	variance_mc	0.8562053315136939
4	log_det_mc	0.9021305470319048
4	inverse_trace_mc	0.8830831168295195
4	random	0.7076706988418336
4	variance	0.7966629084041229
4	variance_mc	0.7302772561201252
4	log_det_mc	0.8344895306713488
4	inverse_trace_mc	0.8113362031921305
4	random	0.8710731725871416
4	variance	0.7300577098821002
4	variance_mc	0.8028037891195017
4	log_det_mc	0.8924447565746318
4	inverse_trace_mc	0.8979562336846844
4	random	0.8550633377297591
4	variance	0.5425231696947387
4	variance_mc	0.8432488825822454
4	log_det_mc	0.8458622850052399
4	inverse_trace_mc	0.793601179360848
4	random	0.7261747983425342
4	variance	0.8474191920523607
4	variance_mc	0.7695917543170969
4	log_det_mc	0.8051637051769872
4	inverse_trace_mc	0.8026521817479815
4	random	0.8292411229369405
4	variance	0.7544178639945661
4	variance_mc	0.7989711639652487
4	log_det_mc	0.8171895672421439
4	inverse_trace_mc	0.8067165325700668
4	random	0.7689845805177402
4	variance	0.8633329166198479
4	variance_mc	0.7397227838764953
4	log_det_mc	0.7962048802859135
4	inverse_trace_mc	0.8101509289125275
4	random	0.7421069395840972
4	variance	0.8346433952787544
4	variance_mc	0.863769306866497
4	log_det_mc	0.8546842923732278
4	inverse_trace_mc	0.8593873720083747
4	random	0.7877516226138851
4	variance	0.8281193078429929
4	variance_mc	0.8071735224822064
4	log_det_mc	0.8500968955130883
4	inverse_trace_mc	0.8592728507214356
4	random	0.8124427598467826
4	variance	0.7075196549172414
4	variance_mc	0.8529218670830856
4	log_det_mc	0.8408048006664419
4	inverse_trace_mc	0.8468649991444268
4	random	0.8225657302192508
4	variance	0.7729533354758016
4	variance_mc	0.7612102578360371
4	log_det_mc	0.7635416075193697
4	inverse_trace_mc	0.8844073792490905
4	random	0.7635199377992189
4	variance	0.7592683788354067
4	variance_mc	0.790083701075145
4	log_det_mc	0.865465547393551
4	inverse_trace_mc	0.7814612684106554
4	random	0.8749347413936658
4	variance	0.6774176176959132
4	variance_mc	0.6307011139115547
4	log_det_mc	0.6860319006477836
4	inverse_trace_mc	0.7229273656825831
4	random	0.8220476911350123
4	variance	0.7015212071487
4	variance_mc	0.7065898961706751
4	log_det_mc	0.7357568320811704
4	inverse_trace_mc	0.7232093711102228
4	random	0.8221241399124243
4	variance	0.7525962054643138
4	variance_mc	0.7992441624288849
4	log_det_mc	0.7935144852331582
4	inverse_trace_mc	0.8118531180019265
4	random	0.8307053545928208
4	variance	0.7603935485364437
4	variance_mc	0.7643496268355227
4	log_det_mc	0.7938484897257795
4	inverse_trace_mc	0.7551299312218642
4	random	0.8009292784022434
4	variance	0.7622491711884074
4	variance_mc	0.7413371372192579
4	log_det_mc	0.8799712721164461
4	inverse_trace_mc	0.8228449141425394
4	random	0.879336569337622
4	variance	0.8559022960777489
4	variance_mc	0.805699378904081
4	log_det_mc	0.8631047298185781
4	inverse_trace_mc	0.8465256894194155
4	random	0.7990462623514958
4	variance	0.7461605888205325
4	variance_mc	0.7478452114713114
4	log_det_mc	0.7513249123218793
4	inverse_trace_mc	0.7595999854981218
4	random	0.8352069794282366
4	variance	0.8699129421562252
4	variance_mc	0.9054314703755169
4	log_det_mc	0.87527426912335
4	inverse_trace_mc	0.9122960381905332
4	random	0.7817989013127051
4	variance	0.7003796251595763
4	variance_mc	0.734785742982448
4	log_det_mc	0.7614764732694823
4	inverse_trace_mc	0.7801192144145475
4	random	0.668960433860835
4	variance	0.7928690955517311
4	variance_mc	0.780226501634843
4	log_det_mc	0.7718672925457035
4	inverse_trace_mc	0.8777278368953235
4	random	0.5351050257256312
4	variance	0.7914680285951003
4	variance_mc	0.8138214944097298
4	log_det_mc	0.8754998461494378
4	inverse_trace_mc	0.8164379298478149
4	random	0.7441533844391698
4	variance	0.8765491938088904
4	variance_mc	0.7391205068681955
4	log_det_mc	0.8311088476667661
4	inverse_trace_mc	0.8398351853743334
4	random	0.666647561216875
4	variance	0.6161153249508304
4	variance_mc	0.7929698905115806
4	log_det_mc	0.8346235020081748
4	inverse_trace_mc	0.8467962227339907
4	random	0.7757162921654173
4	variance	0.7049355999375672
4	variance_mc	0.7064441381193276
4	log_det_mc	0.847616911554951
4	inverse_trace_mc	0.8473531840863192
4	random	0.8726425299445326
4	variance	0.836302459148504
4	variance_mc	0.8493761367000805
4	log_det_mc	0.7357887948153032
4	inverse_trace_mc	0.7425637280598085
4	random	0.8911443823662101
4	variance	0.7518379631166544
4	variance_mc	0.9062507954332363
4	log_det_mc	0.8586810970449094
4	inverse_trace_mc	0.8716846347953555
4	random	0.8389468708287166
4	variance	0.8060847180080926
4	variance_mc	0.8767419976453583
4	log_det_mc	0.7487010933313332
4	inverse_trace_mc	0.8999442386024502
4	random	0.6670419913214221
4	variance	0.7161316247160758
4	variance_mc	0.8391007991097725
4	log_det_mc	0.832282999718784
4	inverse_trace_mc	0.8340616392800579
4	random	0.8108161362235733
4	variance	0.7951743837302866
4	variance_mc	0.8154815863034127
4	log_det_mc	0.8799153600853086
4	inverse_trace_mc	0.872675069452043
4	random	0.8715319269407061
4	variance	0.8391057947687162
4	variance_mc	0.7879031728566657
4	log_det_mc	0.7416637564022222
4	inverse_trace_mc	0.7159603852335223
4	random	0.8265756886890157
4	variance	0.804796726147195
4	variance_mc	0.8752550563977272
4	log_det_mc	0.885457791465754
4	inverse_trace_mc	0.7963490374556113
4	random	0.7236880957896958
4	variance	0.6774603449183045
4	variance_mc	0.8097575880070835
4	log_det_mc	0.8151026255015751
4	inverse_trace_mc	0.8091614585153188
4	random	0.6904341284728301
4	variance	0.7549882722087401
4	variance_mc	0.8646471635282973
4	log_det_mc	0.8672635157236517
4	inverse_trace_mc	0.8876484578002204
4	random	0.8110581413667953
4	variance	0.8140822954422824
4	variance_mc	0.8677014493967384
4	log_det_mc	0.899977087591298
4	inverse_trace_mc	0.9100786012251105
4	random	0.7598410568044692
4	variance	0.8593708151510996
4	variance_mc	0.8767458213136705
4	log_det_mc	0.8978051638171192
4	inverse_trace_mc	0.8763392864991943
4	random	0.5658313050972078
4	variance	0.897364970272337
4	variance_mc	0.8135765604328409
4	log_det_mc	0.8818651692369663
4	inverse_trace_mc	0.7338415053637409
4	random	0.8070457133243552
4	variance	0.7739868950550413
4	variance_mc	0.7788356793257771
4	log_det_mc	0.779535814261195
4	inverse_trace_mc	0.7888348075145828
4	random	0.7258964672001519
4	variance	0.7228260601055114
4	variance_mc	0.8882562423951029
4	log_det_mc	0.7861542566236795
4	inverse_trace_mc	0.7673798986474141
4	random	0.5402798541714594
4	variance	0.8577437225015525
4	variance_mc	0.7178308916237874
4	log_det_mc	0.7055799319929072
4	inverse_trace_mc	0.7365423491800778
4	random	0.837769958323975
4	variance	0.736746457368058
4	variance_mc	0.8262335133136247
4	log_det_mc	0.8690043507011244
4	inverse_trace_mc	0.7946763573183325
4	random	0.8859091683903353
4	variance	0.6039513950408731
4	variance_mc	0.5733512562838431
4	log_det_mc	0.660808680701364
4	inverse_trace_mc	0.686845609453338
4	random	0.9078705723177866
4	variance	0.6881830603268166
4	variance_mc	0.6608268522327854
4	log_det_mc	0.7967669264476887
4	inverse_trace_mc	0.8116661182940281
4	random	0.7416531369385914
4	variance	0.6906658901803374
4	variance_mc	0.7163335110672181
4	log_det_mc	0.6750949825368431
4	inverse_trace_mc	0.8226545903326413
6	random	0.6200552688005214
6	variance	0.7434858759327598
6	variance_mc	0.7339917146246384
6	log_det_mc	0.8022117168213424
6	inverse_trace_mc	0.8047878824724178
6	random	0.7518313465261262
6	variance	0.6743895397495687
6	variance_mc	0.7602613104816842
6	log_det_mc	0.813364027035238
6	inverse_trace_mc	0.8243897253676988
6	random	0.7790833548889791
6	variance	0.7625289712393077
6	variance_mc	0.7813873643313758
6	log_det_mc	0.7872238672907315
6	inverse_trace_mc	0.7851501057552654
6	random	0.7683944965411524
6	variance	0.636953898106029
6	variance_mc	0.7385195937524035
6	log_det_mc	0.750517583808108
6	inverse_trace_mc	0.7633272813186476
6	random	0.7865063298014425
6	variance	0.7149935393837573
6	variance_mc	0.7744014317423196
6	log_det_mc	0.7814897415392432
6	inverse_trace_mc	0.7977158910602413
6	random	0.7730388641549729
6	variance	0.8184819628200313
6	variance_mc	0.8300765471053044
6	log_det_mc	0.8548535587025006
6	inverse_trace_mc	0.7753268869628978
6	random	0.796102337817965
6	variance	0.7256849928166952
6	variance_mc	0.8077571215414159
6	log_det_mc	0.7996409329341514
6	inverse_trace_mc	0.8277682413179678
6	random	0.6955451129082886
6	variance	0.7090341336606591
6	variance_mc	0.7096055243524759
6	log_det_mc	0.8039119268514461
6	inverse_trace_mc	0.8056748294856878
6	random	0.7117048555639196
6	variance	0.7821988431588173
6	variance_mc	0.7953230431829733
6	log_det_mc	0.8289807269340455
6	inverse_trace_mc	0.8218785685291264
6	random	0.8308251929787652
6	variance	0.7720892225016341
6	variance_mc	0.6283575648740488
6	log_det_mc	0.7565593168481057
6	inverse_trace_mc	0.7360903653201101
6	random	0.7592861133527842
6	variance	0.7477498689114773
6	variance_mc	0.7666745233893343
6	log_det_mc	0.8035899735796964
6	inverse_trace_mc	0.8121368286989994
6	random	0.6996491413428245
6	variance	0.7126614229851613
6	variance_mc	0.8010216555925411
6	log_det_mc	0.8244031132820098
6	inverse_trace_mc	0.8546543144875436
6	random	0.7534906414382156
6	variance	0.7654994117804133
6	variance_mc	0.7669251883006885
6	log_det_mc	0.7775954162099334
6	inverse_trace_mc	0.7782061299356355
6	random	0.7388473013605599
6	variance	0.7653946900976485
6	variance_mc	0.786878270302726
6	log_det_mc	0.7900428944932152
6	inverse_trace_mc	0.8348926508906642
6	random	0.6989522069702491
6	variance	0.7977265289470008
6	variance_mc	0.7496925174273241
6	log_det_mc	0.792917379000039
6	inverse_trace_mc	0.8062213267124481
6	random	0.836768078535582
6	variance	0.8060193393059122
6	variance_mc	0.8097104546815554
6	log_det_mc	0.7522603635410724
6	inverse_trace_mc	0.8108459089445035
6	random	0.7233620017542082
6	variance	0.809862453522214
6	variance_mc	0.8031213909377212
6	log_det_mc	0.7934609511304374
6	inverse_trace_mc	0.8053939364475167
6	random	0.8096471512248263
6	variance	0.8114598066258462
6	variance_mc	0.726785016808444
6	log_det_mc	0.78427324794744
6	inverse_trace_mc	0.774597088981285
6	random	0.6959193967559499
6	variance	0.7705643375538733
6	variance_mc	0.7739827841610193
6	log_det_mc	0.8344370266960889
6	inverse_trace_mc	0.8121430759662035
6	random	0.8092554658065304
6	variance	0.7133340875727486
6	variance_mc	0.7085500828514917
6	log_det_mc	0.7373047975891769
6	inverse_trace_mc	0.806324901668031
6	random	0.7491090673474577
6	variance	0.7609601292532023
6	variance_mc	0.7818846877962571
6	log_det_mc	0.7998247358884989
6	inverse_trace_mc	0.7901132719807464
6	random	0.7547626983479628
6	variance	0.8319074341714157
6	variance_mc	0.8051940593548322
6	log_det_mc	0.8259676503532142
6	inverse_trace_mc	0.8388243780914199
6	random	0.6610019428076077
6	variance	0.7601944383789028
6	variance_mc	0.7504022555340488
6	log_det_mc	0.8112984125410251
6	inverse_trace_mc	0.7734997180083885
6	random	0.7794953890703475
6	variance	0.7231214976013001
6	variance_mc	0.6564191568721646
6	log_det_mc	0.811576606045025
6	inverse_trace_mc	0.7985526789745776
6	random	0.7564836477971947
6	variance	0.7124597331115379
6	variance_mc	0.7068712176710605
6	log_det_mc	0.8234151243660546
6	inverse_trace_mc	0.8204851393496647
6	random	0.7311083147936369
6	variance	0.6237874624452004
6	variance_mc	0.6998752074311918
6	log_det_mc	0.7740935371396525
6	inverse_trace_mc	0.8187402982040928
6	random	0.7023265101902292
6	variance	0.7905825666667278
6	variance_mc	0.7373078184085656
6	log_det_mc	0.8093033108200824
6	inverse_trace_mc	0.7974060154762176
6	random	0.6686836741433572
6	variance	0.7242903071137899
6	variance_mc	0.7804912712738337
6	log_det_mc	0.8090201408602937
6	inverse_trace_mc	0.8165696727745833
6	random	0.7198210447497849
6	variance	0.7830664103164621
6	variance_mc	0.8056515661649993
6	log_det_mc	0.7552676946587257
6	inverse_trace_mc	0.8055348103495943
6	random	0.7843993581659241
6	variance	0.7021867506002508
6	variance_mc	0.669117380148133
6	log_det_mc	0.8011343408346978
6	inverse_trace_mc	0.8242218798151003
6	random	0.7511617298884635
6	variance	0.7239604815786298
6	variance_mc	0.7549125771502845
6	log_det_mc	0.822876351953294
6	inverse_trace_mc	0.8238734474917906
6	random	0.7927813378193187
6	variance	0.6898785703355235
6	variance_mc	0.6924070365396686
6	log_det_mc	0.7962898957315465
6	inverse_trace_mc	0.7864215169455155
6	random	0.8343964447989285
6	variance	0.795863338189791
6	variance_mc	0.7949912791632561
6	log_det_mc	0.7697427159194026
6	inverse_trace_mc	0.7403495137263252
6	random	0.728262738999867
6	variance	0.7781220417711288
6	variance_mc	0.7768374165003875
6	log_det_mc	0.8124555881906844
6	inverse_trace_mc	0.7779689612612768
6	random	0.6864275275710278
6	variance	0.7627803750009825
6	variance_mc	0.7721643403592457
6	log_det_mc	0.7665885257669962
6	inverse_trace_mc	0.7622811493384898
6	random	0.7367702224192989
6	variance	0.7041161981334223
6	variance_mc	0.6964607768176867
6	log_det_mc	0.7577690509034325
6	inverse_trace_mc	0.7912008462827704
6	random	0.7993842216696025
6	variance	0.8378732416500368
6	variance_mc	0.850696155722694
6	log_det_mc	0.7888041778515857
6	inverse_trace_mc	0.8261818740520518
6	random	0.7408360484913534
6	variance	0.779696018816443
6	variance_mc	0.7854980648110582
6	log_det_mc	0.8206650632590204
6	inverse_trace_mc	0.8166646609129332
6	random	0.7951914821276698
6	variance	0.6724537718610446
6	variance_mc	0.6698009208907634
6	log_det_mc	0.7007468164910763
6	inverse_trace_mc	0.8388623397516194
6	random	0.8709286780882493
6	variance	0.7930912125720992
6	variance_mc	0.7802889894746002
6	log_det_mc	0.7901077060018102
6	inverse_trace_mc	0.8386205728774858
6	random	0.7333389893109841
6	variance	0.8187583885894739
6	variance_mc	0.8160612725620076
6	log_det_mc	0.7941255964187868
6	inverse_trace_mc	0.8179624125833211
6	random	0.6799700421384776
6	variance	0.7821391533617534
6	variance_mc	0.8032993816404107
6	log_det_mc	0.7926540944259717
6	inverse_trace_mc	0.7644728960404938
6	random	0.6956823687221307
6	variance	0.8001182563133794
6	variance_mc	0.7589311265762348
6	log_det_mc	0.7859327090381528
6	inverse_trace_mc	0.8043458947157988
6	random	0.7092506478887736
6	variance	0.7260424240829404
6	variance_mc	0.8203984629307887
6	log_det_mc	0.8098152746121002
6	inverse_trace_mc	0.8371996352463866
6	random	0.8179482569409751
6	variance	0.7697402394983195
6	variance_mc	0.7547745016774954
6	log_det_mc	0.7648569682253945
6	inverse_trace_mc	0.7955039509472283
6	random	0.6021323736284652
6	variance	0.7716372158401323
6	variance_mc	0.7884756804266649
6	log_det_mc	0.799670660472342
6	inverse_trace_mc	0.8140587472015647
6	random	0.6859751891428472
6	variance	0.666192837637094
6	variance_mc	0.7278748488970469
6	log_det_mc	0.759623593387394
6	inverse_trace_mc	0.7977249060506151
6	random	0.7568349880078862
6	variance	0.7942562253472403
6	variance_mc	0.7906577432033821
6	log_det_mc	0.7732713173958032
6	inverse_trace_mc	0.7941070286809011
6	random	0.696923545423735
6	variance	0.7798309052695879
6	variance_mc	0.7861773967840022
6	log_det_mc	0.8302046816546309
6	inverse_trace_mc	0.8340558799459576
6	random	0.8190885212484128
6	variance	0.7515196209432358
6	variance_mc	0.7979061444457037
6	log_det_mc	0.8017001361347774
6	inverse_trace_mc	0.8265243149025064
8	random	0.7596415406333997
8	variance	0.7411509355568064
8	variance_mc	0.7707388370090654
8	log_det_mc	0.7785172667985728
8	inverse_trace_mc	0.7466260453457919
8	random	0.7101609070526647
8	variance	0.7724480231502657
8	variance_mc	0.7492811441182095
8	log_det_mc	0.6886274998927134
8	inverse_trace_mc	0.7097202871471814
8	random	0.7260881842890953
8	variance	0.7197192993369029
8	variance_mc	0.7186130295083587
8	log_det_mc	0.754421523340568
8	inverse_trace_mc	0.7457804479896666
8	random	0.6936790572820045
8	variance	0.7408059157198837
8	variance_mc	0.7490427344620822
8	log_det_mc	0.7697193298565413
8	inverse_trace_mc	0.7344946442981555
8	random	0.6962489594911118
8	variance	0.6633481165546017
8	variance_mc	0.7001159390669698
8	log_det_mc	0.7335107880990235
8	inverse_trace_mc	0.7456995061648577
8	random	0.7261800419979341
8	variance	0.7577105504237465
8	variance_mc	0.676415591705503
8	log_det_mc	0.7590274561096721
8	inverse_trace_mc	0.7433533210143087
8	random	0.6719539134305808
8	variance	0.671102945464775
8	variance_mc	0.6860958881915519
8	log_det_mc	0.6797028300812222
8	inverse_trace_mc	0.7712047945096345
8	random	0.7425395264965968
8	variance	0.728091429544492
8	variance_mc	0.7417319519883243
8	log_det_mc	0.7373941371306063
8	inverse_trace_mc	0.7623023853237628
8	random	0.6692118970959791
8	variance	0.762437274141774
8	variance_mc	0.7876122376354023
8	log_det_mc	0.7822355349224503
8	inverse_trace_mc	0.7669353982548764
8	random	0.7184374147321494
8	variance	0.7439872063457376
8	variance_mc	0.7377307373139773
8	log_det_mc	0.7551905600738174
8	inverse_trace_mc	0.7399240111144121
8	random	0.7398114838792534
8	variance	0.756749328661963
8	variance_mc	0.7334904269529559
8	log_det_mc	0.7497711373313093
8	inverse_trace_mc	0.7610242630183979
8	random	0.6649830275560605
8	variance	0.7039925048186689
8	variance_mc	0.7036916126366557
8	log_det_mc	0.6831374475211406
8	inverse_trace_mc	0.6990111332352431
8	random	0.6805684261093959
8	variance	0.6736433618756508
8	variance_mc	0.755469777637444
8	log_det_mc	0.7636433597701162
8	inverse_trace_mc	0.7597400400666565
8	random	0.7213894945345045
8	variance	0.6957741777757923
8	variance_mc	0.722118082006149
8	log_det_mc	0.7690858570667622
8	inverse_trace_mc	0.7646733034224265
8	random	0.710758117654919
8	variance	0.7478673759277733
8	variance_mc	0.6681203695412722
8	log_det_mc	0.7636186938746765
8	inverse_trace_mc	0.7238607487528848
8	random	0.6834192659525489
8	variance	0.737041839746515
8	variance_mc	0.765642747562318
8	log_det_mc	0.6985457833483867
8	inverse_trace_mc	0.7280031967482619
8	random	0.7366325667429803
8	variance	0.659283496667297
8	variance_mc	0.704967410613766
8	log_det_mc	0.7481219153228903
8	inverse_trace_mc	0.7633880368217333
8	random	0.7140327611728721
8	variance	0.7194609245426689
8	variance_mc	0.7051580965597964
8	log_det_mc	0.7937198015792275
8	inverse_trace_mc	0.7308703955733291
8	random	0.7124783031490689
8	variance	0.729781321800492
8	variance_mc	0.7463466320700558
8	log_det_mc	0.754825104870616
8	inverse_trace_mc	0.7383428129869785
8	random	0.6926643325340677
8	variance	0.6439831792993722
8	variance_mc	0.6214880690216292
8	log_det_mc	0.6826840322148153
8	inverse_trace_mc	0.693447786126111
8	random	0.7027292076703708
8	variance	0.6064853498938746
8	variance_mc	0.6508134524005447
8	log_det_mc	0.656144466412838
8	inverse_trace_mc	0.6869268036142028
8	random	0.6717408500474863
8	variance	0.7069949571511092
8	variance_mc	0.7458946693326509
8	log_det_mc	0.7361650316218126
8	inverse_trace_mc	0.7147609434690775
8	random	0.7613805973198484
8	variance	0.778525631926346
8	variance_mc	0.7657006323552024
8	log_det_mc	0.7932883997616993
8	inverse_trace_mc	0.7129540610950024
8	random	0.7044193037065316
8	variance	0.7756584072805353
8	variance_mc	0.7401741666559627
8	log_det_mc	0.7855556371280668
8	inverse_trace_mc	0.7442244535922319
8	random	0.6855793622713526
8	variance	0.7099331077916733
8	variance_mc	0.7359457644203407
8	log_det_mc	0.6998434893871003
8	inverse_trace_mc	0.6810889154286012
8	random	0.7023553563069922
8	variance	0.7110855390265352
8	variance_mc	0.7636956109193922
8	log_det_mc	0.7566522561080233
8	inverse_trace_mc	0.7532599592168375
8	random	0.7106860119505801
8	variance	0.7890793237013074
8	variance_mc	0.714709365069128
8	log_det_mc	0.7109246639533698
8	inverse_trace_mc	0.727580698855526
8	random	0.7592013324579617
8	variance	0.6639951748382036
8	variance_mc	0.6815479703501817
8	log_det_mc	0.7511385176346889
8	inverse_trace_mc	0.715774035883588
8	random	0.6255923063061648
8	variance	0.663086252235266
8	variance_mc	0.7356059581886457
8	log_det_mc	0.7508842799975612
8	inverse_trace_mc	0.7365872013380113
8	random	0.6880986112570063
8	variance	0.6945844876011178
8	variance_mc	0.6452521276375207
8	log_det_mc	0.7354652612874684
8	inverse_trace_mc	0.7308694269923323
8	random	0.7372934726498253
8	variance	0.7054718102422316
8	variance_mc	0.7821810059172821
8	log_det_mc	0.7642971197579382
8	inverse_trace_mc	0.758513050348146
8	random	0.7213027949957346
8	variance	0.6298815844120679
8	variance_mc	0.6767482823212898
8	log_det_mc	0.6618110885646926
8	inverse_trace_mc	0.7205096315290906
8	random	0.6655562629227498
8	variance	0.7602257807489746
8	variance_mc	0.7581871335117829
8	log_det_mc	0.7164676899495461
8	inverse_trace_mc	0.7506376156189822
8	random	0.7408882225547521
8	variance	0.7345885201847488
8	variance_mc	0.6943640271525564
8	log_det_mc	0.7244640999186261
8	inverse_trace_mc	0.705989345729904
8	random	0.7779207873770365
8	variance	0.6198379792147017
8	variance_mc	0.6159321363355273
8	log_det_mc	0.7673460784954919
8	inverse_trace_mc	0.7372183152304537
8	random	0.7593625812621956
8	variance	0.6654475455817759
8	variance_mc	0.6524389603232563
8	log_det_mc	0.7111474863892402
8	inverse_trace_mc	0.762076558235973
8	random	0.6967531395934806
8	variance	0.7053611241695109
8	variance_mc	0.6849535163703996
8	log_det_mc	0.7382289040023859
8	inverse_trace_mc	0.7051859297482763
8	random	0.6935697259874085
8	variance	0.7338037894980775
8	variance_mc	0.7708717373213184
8	log_det_mc	0.7709104516445293
8	inverse_trace_mc	0.7322443342479701
8	random	0.7786713198480046
8	variance	0.7234087644178075
8	variance_mc	0.7301139220147634
8	log_det_mc	0.7275872748880796
8	inverse_trace_mc	0.7209913610660471
8	random	0.7485700846999728
8	variance	0.7074854771604715
8	variance_mc	0.728369613733671
8	log_det_mc	0.7854719245226018
8	inverse_trace_mc	0.732139215558167
8	random	0.7553621846553257
8	variance	0.6509088877345077
8	variance_mc	0.6863442920050482
8	log_det_mc	0.7193590624601415
8	inverse_trace_mc	0.7199389668884653
8	random	0.7638598095972969
8	variance	0.7390835229101567
8	variance_mc	0.7554890175157642
8	log_det_mc	0.706869467389176
8	inverse_trace_mc	0.7486507581907754
8	random	0.6755110181504587
8	variance	0.764929433731744
8	variance_mc	0.7429487752936305
8	log_det_mc	0.7864559763542259
8	inverse_trace_mc	0.7800717425487886
8	random	0.705720955377705
8	variance	0.7528687702867741
8	variance_mc	0.7237538354368417
8	log_det_mc	0.7380965536591084
8	inverse_trace_mc	0.7732217142529116
8	random	0.7080009766017719
8	variance	0.7439532314628363
8	variance_mc	0.7530824413203707
8	log_det_mc	0.7712743802336179
8	inverse_trace_mc	0.7612902223411385
8	random	0.7227987750568395
8	variance	0.6865484449789925
8	variance_mc	0.7202569569701793
8	log_det_mc	0.7214674819731223
8	inverse_trace_mc	0.7385495810983038
8	random	0.6388106201262365
8	variance	0.6883959522467241
8	variance_mc	0.7030337623400824
8	log_det_mc	0.7579530017949418
8	inverse_trace_mc	0.7732446798176461
8	random	0.7075565028127752
8	variance	0.7606674790977194
8	variance_mc	0.7500384377619043
8	log_det_mc	0.7214878272163006
8	inverse_trace_mc	0.7169500234083562
8	random	0.7116780815066343
8	variance	0.71711881495583
8	variance_mc	0.7054943249208717
8	log_det_mc	0.7459407118283301
8	inverse_trace_mc	0.7467243875373026
8	random	0.7120697440377892
8	variance	0.7327013236049059
8	variance_mc	0.7445028951688908
8	log_det_mc	0.7542933771833586
8	inverse_trace_mc	0.7743412687564449
10	random	0.6852911803714493
10	variance	0.6315292860306062
10	variance_mc	0.7133460267910849
10	log_det_mc	0.693945307584549
10	inverse_trace_mc	0.7063954457560726
10	random	0.7210249991022428
10	variance	0.688768894024433
10	variance_mc	0.6839162288207737
10	log_det_mc	0.6848405224584033
10	inverse_trace_mc	0.7030038946646114
10	random	0.7166084904594545
10	variance	0.6536205196554973
10	variance_mc	0.6228910388351402
10	log_det_mc	0.672168558235974
10	inverse_trace_mc	0.7010052543504037
10	random	0.7196850237062417
10	variance	0.668082011378145
10	variance_mc	0.6763274005323888
10	log_det_mc	0.737273712386432
10	inverse_trace_mc	0.7335588353612797
10	random	0.6414786061890245
10	variance	0.70117563143579
10	variance_mc	0.690280335239495
10	log_det_mc	0.6814620884096526
10	inverse_trace_mc	0.6870722533635107
10	random	0.6451650163465456
10	variance	0.6755989998512963
10	variance_mc	0.6789979997589404
10	log_det_mc	0.7492510477617982
10	inverse_trace_mc	0.7164246344750694
10	random	0.6986867161245411
10	variance	0.734919723817522
10	variance_mc	0.7155450899069727
10	log_det_mc	0.7234338180107024
10	inverse_trace_mc	0.7056818230540014
10	random	0.6433934742490979
10	variance	0.6367241470670287
10	variance_mc	0.6420724753069816
10	log_det_mc	0.686825371714717
10	inverse_trace_mc	0.6999080134995576
10	random	0.6662004453567523
10	variance	0.6481293494690318
10	variance_mc	0.6478335139233702
10	log_det_mc	0.6567132733772251
10	inverse_trace_mc	0.6733231448096304
10	random	0.6695897207948479
10	variance	0.7303656027990815
10	variance_mc	0.6990402298665468
10	log_det_mc	0.7578621512739471
10	inverse_trace_mc	0.7387566008920343
10	random	0.6749120471665593
10	variance	0.6617730527918096
10	variance_mc	0.6672218376661911
10	log_det_mc	0.648260863816462
10	inverse_trace_mc	0.7231923118019048
10	random	0.645560631090043
10	variance	0.6425867019491218
10	variance_mc	0.6833054411691323
10	log_det_mc	0.670290163772399
10	inverse_trace_mc	0.6521876833381696
10	random	0.6928901737778596
10	variance	0.6799971581251016
10	variance_mc	0.6871986172036838
10	log_det_mc	0.6913290584251348
10	inverse_trace_mc	0.7075878731448628
10	random	0.6832548811166421
10	variance	0.7032348429339782
10	variance_mc	0.7288377603651061
10	log_det_mc	0.7287936876707013
10	inverse_trace_mc	0.7111182376216566
10	random	0.699288712873385
10	variance	0.6831324924664455
10	variance_mc	0.6741958686012849
10	log_det_mc	0.6858049088141053
10	inverse_trace_mc	0.6941048018520504
10	random	0.6768004531640425
10	variance	0.7259549989077367
10	variance_mc	0.7334255917117942
10	log_det_mc	0.7184882720443057
10	inverse_trace_mc	0.6946458737700948
10	random	0.7087477567307078
10	variance	0.6855384034208387
10	variance_mc	0.698795985516563
10	log_det_mc	0.6983412152553874
10	inverse_trace_mc	0.691580535776397
10	random	0.7056051784965796
10	variance	0.6528911461200634
10	variance_mc	0.6751572418126355
10	log_det_mc	0.6816498900038832
10	inverse_trace_mc	0.6625986615548511
10	random	0.6422572410623566
10	variance	0.5912052192470023
10	variance_mc	0.5966733317756463
10	log_det_mc	0.6546587211191786
10	inverse_trace_mc	0.6491522391576908
10	random	0.7203250490777441
10	variance	0.7115943626514574
10	variance_mc	0.6950700384159596
10	log_det_mc	0.7062796254540809
10	inverse_trace_mc	0.6821237753820466
10	random	0.6403066909599247
10	variance	0.6512002660805991
10	variance_mc	0.6911972598592702
10	log_det_mc	0.6793054537239822
10	inverse_trace_mc	0.6633690457779382
10	random	0.6972153460087546
10	variance	0.6585394163965366
10	variance_mc	0.6834722062746885
10	log_det_mc	0.6835525875778098
10	inverse_trace_mc	0.7105755040983488
10	random	0.6756752901577078
10	variance	0.7144170084240447
10	variance_mc	0.6821076615002534
10	log_det_mc	0.7333635304909457
10	inverse_trace_mc	0.6998614191649599
10	random	0.6980421608608578
10	variance	0.64833057942779
10	variance_mc	0.6533696335603619
10	log_det_mc	0.6703576338519615
10	inverse_trace_mc	0.6973702858905554
10	random	0.6332939119243467
10	variance	0.6941318440098942
10	variance_mc	0.6242573242113676
10	log_det_mc	0.71465725816399
10	inverse_trace_mc	0.7028274941984655
10	random	0.6833196443667472
10	variance	0.6809426416148524
10	variance_mc	0.7012490152552244
10	log_det_mc	0.7167491522550398
10	inverse_trace_mc	0.6987357014951412
10	random	0.7175283291238633
10	variance	0.6822410729272028
10	variance_mc	0.7162640214498024
10	log_det_mc	0.6914662966544678
10	inverse_trace_mc	0.7086834353154711
10	random	0.6147595288327417
10	variance	0.6460848371311254
10	variance_mc	0.6343782579921582
10	log_det_mc	0.739748452420692
10	inverse_trace_mc	0.6881918812622579
10	random	0.6237608530757742
10	variance	0.6799159624084385
10	variance_mc	0.6470051380195103
10	log_det_mc	0.6659501872088556
10	inverse_trace_mc	0.682132499043218
10	random	0.7170523710622225
10	variance	0.742315485523508
10	variance_mc	0.7148421152168173
10	log_det_mc	0.7093676865124161
10	inverse_trace_mc	0.6953984687690522
10	random	0.6300525955114252
10	variance	0.7049232684589481
10	variance_mc	0.6828829960532173
10	log_det_mc	0.7137922312472336
10	inverse_trace_mc	0.7342025197926079
10	random	0.6659015570191262
10	variance	0.7477060538225457
10	variance_mc	0.7287131861902365
10	log_det_mc	0.7283754498048509
10	inverse_trace_mc	0.7004680940564628
10	random	0.7063843538500311
10	variance	0.7200035912181604
10	variance_mc	0.6784322315349627
10	log_det_mc	0.6887335010178619
10	inverse_trace_mc	0.726778531225915
10	random	0.7181695119444885
10	variance	0.6582670917843362
10	variance_mc	0.6517079841467757
10	log_det_mc	0.6446556706851381
10	inverse_trace_mc	0.668195147346514
10	random	0.6675863601797783
10	variance	0.6777474333012874
10	variance_mc	0.6500506280614357
10	log_det_mc	0.6823096185555321
10	inverse_trace_mc	0.726282383891803
10	random	0.6274957274437315
10	variance	0.6598393688347204
10	variance_mc	0.6640354615547546
10	log_det_mc	0.6944059216888315
10	inverse_trace_mc	0.6959907198436064
10	random	0.6527460185795256
10	variance	0.7164601504980236
10	variance_mc	0.6994847028543584
10	log_det_mc	0.7177756218657743
10	inverse_trace_mc	0.7351419037872114
10	random	0.670340265523491
10	variance	0.665292001002679
10	variance_mc	0.6140343491886214
10	log_det_mc	0.7030999501409804
10	inverse_trace_mc	0.7142436896710035
10	random	0.6611429743176412
10	variance	0.7036237039590424
10	variance_mc	0.6750387182590419
10	log_det_mc	0.6797728007660263
10	inverse_trace_mc	0.6368317954739879
10	random	0.6390543373029012
10	variance	0.6910265907922932
10	variance_mc	0.7235345536187028
10	log_det_mc	0.7290357937540227
10	inverse_trace_mc	0.7282778979286316
10	random	0.6649728645240743
10	variance	0.6968981875741648
10	variance_mc	0.7129011528544649
10	log_det_mc	0.7098569340284251
10	inverse_trace_mc	0.6855218966904788
10	random	0.7228907840058418
10	variance	0.7135766699687989
10	variance_mc	0.7100602735410351
10	log_det_mc	0.7202975258673794
10	inverse_trace_mc	0.6953831447966273
10	random	0.6200232395037587
10	variance	0.7497400269981731
10	variance_mc	0.7288329552867409
10	log_det_mc	0.6688109664402491
10	inverse_trace_mc	0.6880751057269848
10	random	0.6891185178571515
10	variance	0.6489103499792315
10	variance_mc	0.6790635372903032
10	log_det_mc	0.6968634767964504
10	inverse_trace_mc	0.699705465600212
10	random	0.7187690468950783
10	variance	0.6085053977916166
10	variance_mc	0.622486508850681
10	log_det_mc	0.7288580752540587
10	inverse_trace_mc	0.6906868677155877
10	random	0.7094485295161568
10	variance	0.7251900035997441
10	variance_mc	0.7391137547494682
10	log_det_mc	0.698686749465466
10	inverse_trace_mc	0.6833236903906296
10	random	0.6287823346981436
10	variance	0.6427120032990473
10	variance_mc	0.6569844943432637
10	log_det_mc	0.6864921542954693
10	inverse_trace_mc	0.6147278948554368
10	random	0.7141453638668671
10	variance	0.6463005140699073
10	variance_mc	0.659212804534087
10	log_det_mc	0.646414516116506
10	inverse_trace_mc	0.7223346699977093
10	random	0.6799678238328729
10	variance	0.7195272977856919
10	variance_mc	0.7149918118836083
10	log_det_mc	0.7271235179378142
10	inverse_trace_mc	0.6990428133934725
10	random	0.6288123754316113
10	variance	0.6593510228695099
10	variance_mc	0.6657215567309545
10	log_det_mc	0.7026755878345261
10	inverse_trace_mc	0.663850767262373
14	random	0.5893536592071337
14	variance	0.5813268893011689
14	variance_mc	0.6056106836462871
14	log_det_mc	0.5999284807905664
14	inverse_trace_mc	0.613705985267154
14	random	0.6374358065784392
14	variance	0.6840069999380435
14	variance_mc	0.6466388803734733
14	log_det_mc	0.6158174853838683
14	inverse_trace_mc	0.6048758754541677
14	random	0.5784832753093985
14	variance	0.6075252411214395
14	variance_mc	0.6207087570472702
14	log_det_mc	0.5639183682742854
14	inverse_trace_mc	0.5964033416135538
14	random	0.6404419648031424
14	variance	0.6238267806802179
14	variance_mc	0.6251717683842803
14	log_det_mc	0.639673406439513
14	inverse_trace_mc	0.6303940069151702
14	random	0.6032069207896809
14	variance	0.602999091915792
14	variance_mc	0.596294558469313
14	log_det_mc	0.6323944318884154
14	inverse_trace_mc	0.6415253066013664
14	random	0.6373200245012177
14	variance	0.624859090341686
14	variance_mc	0.5912507298062839
14	log_det_mc	0.6131296602080507
14	inverse_trace_mc	0.625545358919972
14	random	0.6387920074484764
14	variance	0.6256081975095844
14	variance_mc	0.6316223301528409
14	log_det_mc	0.6315995064202828
14	inverse_trace_mc	0.6236524949399062
14	random	0.6046717203692415
14	variance	0.6252159179675028
14	variance_mc	0.5897509542601244
14	log_det_mc	0.622505499909151
14	inverse_trace_mc	0.625842029493794
14	random	0.6285714429360135
14	variance	0.6233764992647881
14	variance_mc	0.6183651558431759
14	log_det_mc	0.6299225645496449
14	inverse_trace_mc	0.6219349186623927
14	random	0.6430212702225137
14	variance	0.6047830904457087
14	variance_mc	0.6427171906267022
14	log_det_mc	0.6125957063038041
14	inverse_trace_mc	0.6462926563587963
14	random	0.6298552923689043
14	variance	0.6474203735623489
14	variance_mc	0.6314783832753242
14	log_det_mc	0.644897145963755
14	inverse_trace_mc	0.61234240046509
14	random	0.5872956507206116
14	variance	0.6038886608066513
14	variance_mc	0.6508970149195377
14	log_det_mc	0.5847734023381455
14	inverse_trace_mc	0.6415624451985475
14	random	0.6335544894306127
14	variance	0.6349530151362389
14	variance_mc	0.6315476961219952
14	log_det_mc	0.632015707183679
14	inverse_trace_mc	0.6135458478115349
14	random	0.579255450486348
14	variance	0.567931865977599
14	variance_mc	0.5740968605371803
14	log_det_mc	0.6269531649690591
14	inverse_trace_mc	0.6312078007609098
14	random	0.6161186280015958
14	variance	0.61274469162076
14	variance_mc	0.5930952044524016
14	log_det_mc	0.6270590875625074
14	inverse_trace_mc	0.6222666731581274
14	random	0.6118675352116641
14	variance	0.6372554248616278
14	variance_mc	0.6481145532482148
14	log_det_mc	0.6154840016889717
14	inverse_trace_mc	0.591473576718034
14	random	0.6179766068602138
14	variance	0.5910506886376679
14	variance_mc	0.6166105217687643
14	log_det_mc	0.6047610415638712
14	inverse_trace_mc	0.6420676943762459
14	random	0.5705488518282698
14	variance	0.6623463112878046
14	variance_mc	0.6424671845605271
14	log_det_mc	0.6369523541997952
14	inverse_trace_mc	0.6120909049321179
14	random	0.6017352919987543
14	variance	0.5543060813064209
14	variance_mc	0.6187480353763057
14	log_det_mc	0.6398272128728284
14	inverse_trace_mc	0.6112207452354554
14	random	0.5809213108921493
14	variance	0.6409652933041983
14	variance_mc	0.61935330513359
14	log_det_mc	0.6209887646882934
14	inverse_trace_mc	0.637190833720046
14	random	0.5883919860060252
14	variance	0.5739964416731019
14	variance_mc	0.6183002265969612
14	log_det_mc	0.5993986488625341
14	inverse_trace_mc	0.6148160617908793
14	random	0.6558250001224045
14	variance	0.6065287731146216
14	variance_mc	0.5958715457616316
14	log_det_mc	0.6505244523986904
14	inverse_trace_mc	0.6228921482207985
14	random	0.6085426990278289
14	variance	0.6356004990760625
14	variance_mc	0.6698336698535426
14	log_det_mc	0.6412615782746768
14	inverse_trace_mc	0.6181234608854602
14	random	0.5413121530615734
14	variance	0.6299663725187084
14	variance_mc	0.646836694800677
14	log_det_mc	0.6511818309235253
14	inverse_trace_mc	0.6248412174029954
14	random	0.6419645589266759
14	variance	0.6110152092016663
14	variance_mc	0.5460309253251365
14	log_det_mc	0.5841906672898908
14	inverse_trace_mc	0.6302258251132086
14	random	0.56889270787791
14	variance	0.5661246714475242
14	variance_mc	0.6066167656217192
14	log_det_mc	0.612459214536567
14	inverse_trace_mc	0.6274216210417292
14	random	0.5999547532218265
14	variance	0.5975020190995213
14	variance_mc	0.5810278176474499
14	log_det_mc	0.6183389460261051
14	inverse_trace_mc	0.6109285616912736
14	random	0.5925052589164118
14	variance	0.6222796421944246
14	variance_mc	0.6219210631851366
14	log_det_mc	0.6489502801040494
14	inverse_trace_mc	0.6398317677500194
14	random	0.6049759427036773
14	variance	0.6001417415849966
14	variance_mc	0.5874113205658895
14	log_det_mc	0.6101764890365937
14	inverse_trace_mc	0.614734056084397
14	random	0.5998033796283917
14	variance	0.640811674428306
14	variance_mc	0.6396602868806032
14	log_det_mc	0.6111557199332256
14	inverse_trace_mc	0.6269473366256655
14	random	0.6077913939921251
14	variance	0.6563049118586627
14	variance_mc	0.6581662148804357
14	log_det_mc	0.6542658987274997
14	inverse_trace_mc	0.6481218425708519
14	random	0.6387730271756364
14	variance	0.5961428078955716
14	variance_mc	0.5788101980224086
14	log_det_mc	0.5999046020892161
14	inverse_trace_mc	0.5638165236935724
14	random	0.5783334979783871
14	variance	0.6011507702494168
14	variance_mc	0.6021893851252601
14	log_det_mc	0.613483045175832
14	inverse_trace_mc	0.6116104496397075
14	random	0.6155310241434928
14	variance	0.6446541959700909
14	variance_mc	0.6380351043434499
14	log_det_mc	0.6458095290869461
14	inverse_trace_mc	0.6444873071933801
14	random	0.5536014226558944
14	variance	0.5702781829723491
14	variance_mc	0.553739724635424
14	log_det_mc	0.5963889811475463
14	inverse_trace_mc	0.593503870722968
14	random	0.594721165124232
14	variance	0.5948810312714198
14	variance_mc	0.5968197331731625
14	log_det_mc	0.6438511620050784
14	inverse_trace_mc	0.6193741485580332
14	random	0.6453768641923466
14	variance	0.6122404022507055
14	variance_mc	0.5978318946930461
14	log_det_mc	0.5692386280563967
14	inverse_trace_mc	0.6343289806228329
14	random	0.5629304919784459
14	variance	0.6140484433410822
14	variance_mc	0.6197703129180713
14	log_det_mc	0.6076812712892444
14	inverse_trace_mc	0.5994873523060259
14	random	0.6371759323273966
14	variance	0.6412433042270673
14	variance_mc	0.6554144148220975
14	log_det_mc	0.6515802389587098
14	inverse_trace_mc	0.6154329677930426
14	random	0.5524760290075538
14	variance	0.6473231958310122
14	variance_mc	0.6233791288784012
14	log_det_mc	0.6257835490301931
14	inverse_trace_mc	0.6292309170325336
14	random	0.6261478203125801
14	variance	0.5889035583034786
14	variance_mc	0.5650534684018846
14	log_det_mc	0.6220504514137648
14	inverse_trace_mc	0.6267029829691121
14	random	0.6326572166222303
14	variance	0.58101019032968
14	variance_mc	0.5825730042467865
14	log_det_mc	0.5817684231126344
14	inverse_trace_mc	0.582290086847613
14	random	0.6407205658047821
14	variance	0.5918835401063561
14	variance_mc	0.6554107290354613
14	log_det_mc	0.6436064748703306
14	inverse_trace_mc	0.6407703975622709
14	random	0.5502728919074313
14	variance	0.6037192622853659
14	variance_mc	0.6224777622299359
14	log_det_mc	0.6589962835720437
14	inverse_trace_mc	0.6087690351584293
14	random	0.5995706696147759
14	variance	0.6009521872030468
14	variance_mc	0.6173931946316389
14	log_det_mc	0.6282394094254978
14	inverse_trace_mc	0.6310453862197337
14	random	0.5842889711308404
14	variance	0.6351480474325893
14	variance_mc	0.6081440690154578
14	log_det_mc	0.5797726017727548
14	inverse_trace_mc	0.596751017131224
14	random	0.6259414721866672
14	variance	0.6228437109591815
14	variance_mc	0.6362958149732153
14	log_det_mc	0.6342872102485035
14	inverse_trace_mc	0.6301364491130932
14	random	0.6551308908234884
14	variance	0.6644902056249474
14	variance_mc	0.6510000644990326
14	log_det_mc	0.5814210787985639
14	inverse_trace_mc	0.6233517621418593
14	random	0.618494929112098
14	variance	0.568868839525542
14	variance_mc	0.5815536078074252
14	log_det_mc	0.5740595583508988
14	inverse_trace_mc	0.6353568466755009
14	random	0.5076943847119333
14	variance	0.6430177654811744
14	variance_mc	0.6073262085618568
14	log_det_mc	0.6251893373026718
14	inverse_trace_mc	0.6203276469939314
18	random	0.5488925185220079
18	variance	0.5449306193716995
18	variance_mc	0.6275558921558138
18	log_det_mc	0.6096206349279916
18	inverse_trace_mc	0.573966303811157
18	random	0.542100314654976
18	variance	0.550531368265813
18	variance_mc	0.5684315813177122
18	log_det_mc	0.5771412467516005
18	inverse_trace_mc	0.5985951244031164
18	random	0.58179541421305
18	variance	0.5818109451568069
18	variance_mc	0.518511532345498
18	log_det_mc	0.5649130466315547
18	inverse_trace_mc	0.5620497819824103
18	random	0.5900430882908972
18	variance	0.5629684056257908
18	variance_mc	0.5849361158926613
18	log_det_mc	0.5833280309576965
18	inverse_trace_mc	0.5687689732303973
18	random	0.5438895771697603
18	variance	0.5605846693796229
18	variance_mc	0.5387878898533333
18	log_det_mc	0.5373707330324032
18	inverse_trace_mc	0.5415714129480069
18	random	0.5822592582281528
18	variance	0.5697448118274002
18	variance_mc	0.5634713802796312
18	log_det_mc	0.572209967123561
18	inverse_trace_mc	0.5485404955019345
18	random	0.5601350318625843
18	variance	0.5003266655762975
18	variance_mc	0.5316777707988425
18	log_det_mc	0.5208239021648842
18	inverse_trace_mc	0.5795050362004502
18	random	0.5333022849581947
18	variance	0.5838877545458508
18	variance_mc	0.612455462092475
18	log_det_mc	0.5713550823711592
18	inverse_trace_mc	0.6021331231836157
18	random	0.5498409192634276
18	variance	0.5585982765051739
18	variance_mc	0.5529424765653314
18	log_det_mc	0.6078259138934703
18	inverse_trace_mc	0.5567197592502663
18	random	0.6037901334485748
18	variance	0.5567671032071434
18	variance_mc	0.559029240977393
18	log_det_mc	0.5719220346049615
18	inverse_trace_mc	0.5930316873434428
18	random	0.5768097116805204
18	variance	0.5377443459158929
18	variance_mc	0.571584381830092
18	log_det_mc	0.5853481784071296
18	inverse_trace_mc	0.5495800278983758
18	random	0.5821180112291857
18	variance	0.5570943826577311
18	variance_mc	0.5704902699145354
18	log_det_mc	0.5763074233452244
18	inverse_trace_mc	0.5537528789964776
18	random	0.5687322486025274
18	variance	0.5877461692609873
18	variance_mc	0.560341303290415
18	log_det_mc	0.6004036569760981
18	inverse_trace_mc	0.5754023219353079
18	random	0.5905441459895373
18	variance	0.5253777862395402
18	variance_mc	0.5474745997591711
18	log_det_mc	0.5453184567580662
18	inverse_trace_mc	0.5873135660366048
18	random	0.5888401866881064
18	variance	0.5810559779691203
18	variance_mc	0.5702177763643619
18	log_det_mc	0.5897530002099665
18	inverse_trace_mc	0.5725368127741423
18	random	0.5738546619745536
18	variance	0.5910428186209038
18	variance_mc	0.5495869519910818
18	log_det_mc	0.5619369688447192
18	inverse_trace_mc	0.5763325645648921
18	random	0.5653469170825103
18	variance	0.5872354307258203
18	variance_mc	0.5586393478578862
18	log_det_mc	0.5696679797363334
18	inverse_trace_mc	0.5588603093411278
18	random	0.5855183988494763
18	variance	0.5853613229273589
18	variance_mc	0.5674024914934006
18	log_det_mc	0.5902198860350002
18	inverse_trace_mc	0.5879407347394472
18	random	0.5247989277202264
18	variance	0.5507942914238265
18	variance_mc	0.5449096274630089
18	log_det_mc	0.5545122075217893
18	inverse_trace_mc	0.5831067895898137
18	random	0.5988083910473349
18	variance	0.5433481670680468
18	variance_mc	0.5472438885093848
18	log_det_mc	0.5662404756368952
18	inverse_trace_mc	0.5836144450771504
18	random	0.5935074398815557
18	variance	0.5657185266909851
18	variance_mc	0.5949817320078964
18	log_det_mc	0.5882014506940755
18	inverse_trace_mc	0.6015479264497308
18	random	0.5766707524415281
18	variance	0.6097891074593782
18	variance_mc	0.574432106762594
18	log_det_mc	0.5517494292432307
18	inverse_trace_mc	0.571678069534629
18	random	0.5648048092728751
18	variance	0.5927269278316575
18	variance_mc	0.5896619375831389
18	log_det_mc	0.5793764793346424
18	inverse_trace_mc	0.5635525079995625
18	random	0.52180230378351
18	variance	0.5963751265618021
18	variance_mc	0.5705586078770342
18	log_det_mc	0.5558502329898438
18	inverse_trace_mc	0.5430509991744491
18	random	0.5835016333253594
18	variance	0.5527171328255046
18	variance_mc	0.5327089114956988
18	log_det_mc	0.578072744364465
18	inverse_trace_mc	0.5571741033233562
18	random	0.6185954832544108
18	variance	0.5485505388587575
18	variance_mc	0.5761296096359304
18	log_det_mc	0.5666820104677488
18	inverse_trace_mc	0.5786675626571703
18	random	0.574838466872867
18	variance	0.557809213002713
18	variance_mc	0.5723351002845728
18	log_det_mc	0.5852669916820515
18	inverse_trace_mc	0.5650889476987521
18	random	0.5606812452993596
18	variance	0.5649161388219074
18	variance_mc	0.5474434906598342
18	log_det_mc	0.5541412034156794
18	inverse_trace_mc	0.5506771740451211
18	random	0.5592192622043046
18	variance	0.5344235173866548
18	variance_mc	0.5616692594603638
18	log_det_mc	0.59439299105694
18	inverse_trace_mc	0.5533781516201414
18	random	0.5576540556235287
18	variance	0.5228106916711738
18	variance_mc	0.5243311678884839
18	log_det_mc	0.5471202609031078
18	inverse_trace_mc	0.5796555851061322
18	random	0.5876887443053173
18	variance	0.5882340517812804
18	variance_mc	0.6000061235502829
18	log_det_mc	0.5722230591946093
18	inverse_trace_mc	0.5707692979448238
18	random	0.5363380224959021
18	variance	0.5583765304831113
18	variance_mc	0.5728575901109841
18	log_det_mc	0.5773148018417581
18	inverse_trace_mc	0.5754666338622608
18	random	0.595483490456186
18	variance	0.5642206263586163
18	variance_mc	0.5528731336067161
18	log_det_mc	0.5736880828194613
18	inverse_trace_mc	0.5250823861813174
18	random	0.5714420788971232
18	variance	0.5468889029095645
18	variance_mc	0.5853337721394628
18	log_det_mc	0.575701123000718
18	inverse_trace_mc	0.5379692084527167
18	random	0.5612556885714647
18	variance	0.5806820872261887
18	variance_mc	0.5623289879574861
18	log_det_mc	0.5493630606045027
18	inverse_trace_mc	0.5944093389163813
18	random	0.6009485964006314
18	variance	0.5551829123313036
18	variance_mc	0.5797204023355282
18	log_det_mc	0.5958170845465685
18	inverse_trace_mc	0.5677969837969838
18	random	0.5710387029262552
18	variance	0.5690578830170132
18	variance_mc	0.5601516431935307
18	log_det_mc	0.5122408510907362
18	inverse_trace_mc	0.5684492162054472
18	random	0.5783802431899464
18	variance	0.5468564638943187
18	variance_mc	0.574250253993906
18	log_det_mc	0.5976066525778022
18	inverse_trace_mc	0.6097163616212079
18	random	0.5717047127994727
18	variance	0.5648700125869401
18	variance_mc	0.576811133888395
18	log_det_mc	0.548167927425847
18	inverse_trace_mc	0.5537347100319837
18	random	0.5599547478379913
18	variance	0.5457816796736082
18	variance_mc	0.5918660030934503
18	log_det_mc	0.5875096150415469
18	inverse_trace_mc	0.5674806432755557
18	random	0.5418065958765321
18	variance	0.5667058722493696
18	variance_mc	0.5754822469632597
18	log_det_mc	0.5428791080826333
18	inverse_trace_mc	0.5388514052184694
18	random	0.5973927014466505
18	variance	0.5571892388154303
18	variance_mc	0.5636656525530735
18	log_det_mc	0.5737245834624783
18	inverse_trace_mc	0.5753941250823271
18	random	0.606082267928128
18	variance	0.5842720988217166
18	variance_mc	0.5843309130586934
18	log_det_mc	0.5674004469189949
18	inverse_trace_mc	0.5663789163476398
18	random	0.5510078892459614
18	variance	0.533548955303193
18	variance_mc	0.5389605826768683
18	log_det_mc	0.5617167064781408
18	inverse_trace_mc	0.5752562074322631
18	random	0.506992962531364
18	variance	0.5541765037825537
18	variance_mc	0.5276680853738794
18	log_det_mc	0.5639812920957336
18	inverse_trace_mc	0.5532208929433114
18	random	0.5452399363248057
18	variance	0.5593556147422531
18	variance_mc	0.5812736674619717
18	log_det_mc	0.5702483905540018
18	inverse_trace_mc	0.5770768042549527
18	random	0.6020239500340492
18	variance	0.5674470515373032
18	variance_mc	0.5539764286187697
18	log_det_mc	0.5839328304099644
18	inverse_trace_mc	0.5875608887135487
18	random	0.558536310331464
18	variance	0.5693133999043936
18	variance_mc	0.5646252869029104
18	log_det_mc	0.5750078360711041
18	inverse_trace_mc	0.5955856802076316
18	random	0.5952548413754265
18	variance	0.5974991373063597
18	variance_mc	0.6164052100062815
18	log_det_mc	0.5835012230132574
18	inverse_trace_mc	0.5770795743793208
18	random	0.5748839946482573
18	variance	0.5754555601859632
18	variance_mc	0.5823819314661156
18	log_det_mc	0.5541312423859195
18	inverse_trace_mc	0.5718798813669554
24	random	0.5486916816006163
24	variance	0.47958169783126436
24	variance_mc	0.4963814190635861
24	log_det_mc	0.5306739627768613
24	inverse_trace_mc	0.5097033541206403
24	random	0.5151595438388393
24	variance	0.548988978562792
24	variance_mc	0.5322897002076522
24	log_det_mc	0.552299603479621
24	inverse_trace_mc	0.5628052414111727
24	random	0.49405957202393247
24	variance	0.5628246731194072
24	variance_mc	0.5207600665752258
24	log_det_mc	0.5190818362832229
24	inverse_trace_mc	0.5306790666415081
24	random	0.5297585211722827
24	variance	0.5020180572670038
24	variance_mc	0.5134324539912151
24	log_det_mc	0.5330094855744081
24	inverse_trace_mc	0.5247343803918627
24	random	0.501744668559091
24	variance	0.5184882525645312
24	variance_mc	0.5039236023905524
24	log_det_mc	0.5298218723637425
24	inverse_trace_mc	0.5408103618184876
24	random	0.5567980873661605
24	variance	0.5030924056524224
24	variance_mc	0.5029209345102598
24	log_det_mc	0.5211105506598077
24	inverse_trace_mc	0.4944081597792118
24	random	0.5078088584407593
24	variance	0.5341371972593164
24	variance_mc	0.5069817918218578
24	log_det_mc	0.5280791629069638
24	inverse_trace_mc	0.5265454857143107
24	random	0.5241189706695701
24	variance	0.5242169213248147
24	variance_mc	0.5329202422126834
24	log_det_mc	0.532226226464951
24	inverse_trace_mc	0.5028741669216348
24	random	0.5232984908715163
24	variance	0.5193083667288935
24	variance_mc	0.5396381964803769
24	log_det_mc	0.5219366196670778
24	inverse_trace_mc	0.556634228387911
24	random	0.48745670403942426
24	variance	0.5144533830286464
24	variance_mc	0.49483415878165105
24	log_det_mc	0.5422541067691332
24	inverse_trace_mc	0.4889149601906498
24	random	0.4718725226967057
24	variance	0.5096312967271212
24	variance_mc	0.464499425494474
24	log_det_mc	0.48698852753211397
24	inverse_trace_mc	0.4578306617829644
24	random	0.5133117805892613
24	variance	0.5494475836710552
24	variance_mc	0.5179609622217092
24	log_det_mc	0.5178328825855659
24	inverse_trace_mc	0.4888505284456794
24	random	0.5515222190791652
24	variance	0.5077553389626069
24	variance_mc	0.5310632712901294
24	log_det_mc	0.511002816245274
24	inverse_trace_mc	0.520813688357616
24	random	0.5295638409582694
24	variance	0.5068193382933824
24	variance_mc	0.5004890007947863
24	log_det_mc	0.48784442037740794
24	inverse_trace_mc	0.496663398499941
24	random	0.48048201016004094
24	variance	0.5021885709505226
24	variance_mc	0.46715697430759545
24	log_det_mc	0.5204020538704672
24	inverse_trace_mc	0.5421244000586818
24	random	0.538201626009234
24	variance	0.527184141302817
24	variance_mc	0.49040918544821344
24	log_det_mc	0.49689504112230254
24	inverse_trace_mc	0.5079673611757402
24	random	0.5261011958192284
24	variance	0.5152865734630597
24	variance_mc	0.5600784298921838
24	log_det_mc	0.4965644990246638
24	inverse_trace_mc	0.4965612221829481
24	random	0.5318527301370803
24	variance	0.5093346728112843
24	variance_mc	0.5091556064751525
24	log_det_mc	0.5133470099853713
24	inverse_trace_mc	0.4953241067633865
24	random	0.5118432324799087
24	variance	0.535099772979557
24	variance_mc	0.5308969202801467
24	log_det_mc	0.5147288401817461
24	inverse_trace_mc	0.4950690989116159
24	random	0.5219767287339868
24	variance	0.47909343297488394
24	variance_mc	0.49918830130734754
24	log_det_mc	0.5180571449626753
24	inverse_trace_mc	0.5030804945207897
24	random	0.5276835149357482
24	variance	0.5034296826784604
24	variance_mc	0.5043488746674715
24	log_det_mc	0.5267393243117214
24	inverse_trace_mc	0.5232762273602969
24	random	0.5137510254627332
24	variance	0.5383827816014817
24	variance_mc	0.5288086461980567
24	log_det_mc	0.5334071438334277
24	inverse_trace_mc	0.513785240272299
24	random	0.5017662023045374
24	variance	0.5133855142726952
24	variance_mc	0.48607046204734666
24	log_det_mc	0.5075268653445031
24	inverse_trace_mc	0.5267774506863976
24	random	0.5266493186504368
24	variance	0.528878629584883
24	variance_mc	0.5232915773662089
24	log_det_mc	0.5162291531130496
24	inverse_trace_mc	0.5272227662263552
24	random	0.491362370503764
24	variance	0.5075922434545469
24	variance_mc	0.5264813204875843
24	log_det_mc	0.5235346967582662
24	inverse_trace_mc	0.5231579008375303
24	random	0.485397268528166
24	variance	0.4851245081893641
24	variance_mc	0.4922195031456766
24	log_det_mc	0.5000982280036791
24	inverse_trace_mc	0.5114180403779202
24	random	0.4943942460221553
24	variance	0.5041195193442903
24	variance_mc	0.4945073290906624
24	log_det_mc	0.4908318185552271
24	inverse_trace_mc	0.5216731861683851
24	random	0.5080396567433949
24	variance	0.4980407449874573
24	variance_mc	0.5228882916907786
24	log_det_mc	0.5266982402949829
24	inverse_trace_mc	0.49873315561254455
24	random	0.5538394483252661
24	variance	0.5111938721466803
24	variance_mc	0.49504533512324617
24	log_det_mc	0.5335034733198413
24	inverse_trace_mc	0.5154849084126732
24	random	0.56582957083882
24	variance	0.4868200482107188
24	variance_mc	0.5300312978366251
24	log_det_mc	0.517995034843329
24	inverse_trace_mc	0.49278904476421065
24	random	0.504377381382729
24	variance	0.5281902123510094
24	variance_mc	0.5387524636467292
24	log_det_mc	0.5010967113117698
24	inverse_trace_mc	0.5247332583486178
24	random	0.5341406529367669
24	variance	0.5128337195078114
24	variance_mc	0.475679260925709
24	log_det_mc	0.508083769966962
24	inverse_trace_mc	0.5528965143963186
24	random	0.5390460360985992
24	variance	0.5214112092576555
24	variance_mc	0.5155636879754657
24	log_det_mc	0.5229412875615715
24	inverse_trace_mc	0.5510733080085286
24	random	0.524005372412223
24	variance	0.5317864727424718
24	variance_mc	0.5045104621928086
24	log_det_mc	0.5111746814005562
24	inverse_trace_mc	0.48348636645174053
24	random	0.4701564355706552
24	variance	0.5217810433393978
24	variance_mc	0.5391115175903909
24	log_det_mc	0.5193930492943156
24	inverse_trace_mc	0.5226190796273985
24	random	0.5054518791911102
24	variance	0.4927045775696991
24	variance_mc	0.48424815178716063
24	log_det_mc	0.5351122641151137
24	inverse_trace_mc	0.4991281566930205
24	random	0.4669176713739665
24	variance	0.49953591210926085
24	variance_mc	0.5246220089723036
24	log_det_mc	0.5124479529379998
24	inverse_trace_mc	0.5246416316775948
24	random	0.5020503870133739
24	variance	0.4960929195078265
24	variance_mc	0.5388919469079664
24	log_det_mc	0.5231542609848486
24	inverse_trace_mc	0.5510139805965615
24	random	0.5251391775621693
24	variance	0.5153630742758946
24	variance_mc	0.5179498746406083
24	log_det_mc	0.5574472812957969
24	inverse_trace_mc	0.5153797997424306
24	random	0.5196776663055828
24	variance	0.5269653859294728
24	variance_mc	0.5169310649510729
24	log_det_mc	0.536433886480688
24	inverse_trace_mc	0.5190405767158794
24	random	0.5160599168812734
24	variance	0.5159791435587479
24	variance_mc	0.5519191640077935
24	log_det_mc	0.5264190106005501
24	inverse_trace_mc	0.5101763563648233
24	random	0.4777454630170652
24	variance	0.49205267385450924
24	variance_mc	0.504876445642686
24	log_det_mc	0.46344270608660526
24	inverse_trace_mc	0.5243742904677807
24	random	0.5004808904283267
24	variance	0.5282460158445724
24	variance_mc	0.5136665881524479
24	log_det_mc	0.5223702677296692
24	inverse_trace_mc	0.5411259632819622
24	random	0.504845022035825
24	variance	0.5301622100258016
24	variance_mc	0.4848042342067759
24	log_det_mc	0.5245088705171821
24	inverse_trace_mc	0.5349385918591211
24	random	0.5206405443190131
24	variance	0.5382629123100797
24	variance_mc	0.5273786660983161
24	log_det_mc	0.5053973417147535
24	inverse_trace_mc	0.5100746914873867
24	random	0.5522418199068581
24	variance	0.5273639715448868
24	variance_mc	0.4915503219780707
24	log_det_mc	0.5249478150296336
24	inverse_trace_mc	0.5362811703562154
24	random	0.535130293259566
24	variance	0.4922267479964688
24	variance_mc	0.4953995847663326
24	log_det_mc	0.5196887139942827
24	inverse_trace_mc	0.5265711053198787
24	random	0.49140106031595254
24	variance	0.5135406160045005
24	variance_mc	0.4964913223095092
24	log_det_mc	0.5110675524205309
24	inverse_trace_mc	0.5269703970482613
24	random	0.4883060147569914
24	variance	0.5347784655638551
24	variance_mc	0.5169937985186096
24	log_det_mc	0.49994171718296454
24	inverse_trace_mc	0.526988077094591
24	random	0.4630624587887656
24	variance	0.4820638351046796
24	variance_mc	0.4919266968673302
24	log_det_mc	0.5003870018936906
24	inverse_trace_mc	0.5008812689448027
28	random	0.49022264731530785
28	variance	0.5149223940969788
28	variance_mc	0.4868320722744695
28	log_det_mc	0.4689050393457236
28	inverse_trace_mc	0.5130074594617384
28	random	0.48944893265262834
28	variance	0.4835270154208111
28	variance_mc	0.5083821765425833
28	log_det_mc	0.464140100434665
28	inverse_trace_mc	0.5128170524931659
28	random	0.4844696674566398
28	variance	0.4992333300763904
28	variance_mc	0.4744016731531906
28	log_det_mc	0.48494153830641085
28	inverse_trace_mc	0.4827519399436252
28	random	0.48871883818323775
28	variance	0.48860478350418196
28	variance_mc	0.49369530247832555
28	log_det_mc	0.486379458680001
28	inverse_trace_mc	0.48678724893762504
28	random	0.49121637033101156
28	variance	0.4740479560884248
28	variance_mc	0.5048838353784877
28	log_det_mc	0.48911322809108154
28	inverse_trace_mc	0.48591227699837297
28	random	0.4677299469506129
28	variance	0.4645826557596571
28	variance_mc	0.46212670735902184
28	log_det_mc	0.49784394444956903
28	inverse_trace_mc	0.5068322736448317
28	random	0.47078219559803075
28	variance	0.5020035094713066
28	variance_mc	0.48410876407517045
28	log_det_mc	0.48436657441994574
28	inverse_trace_mc	0.49423759734839967
28	random	0.44852112994813087
28	variance	0.486882161654594
28	variance_mc	0.5087570271884099
28	log_det_mc	0.5143350561025729
28	inverse_trace_mc	0.5113166601841582
28	random	0.5126635814744326
28	variance	0.483082978430636
28	variance_mc	0.5141969032108071
28	log_det_mc	0.47845797236877863
28	inverse_trace_mc	0.49034891532784797
28	random	0.476594032396887
28	variance	0.48472400164836693
28	variance_mc	0.4801353633291419
28	log_det_mc	0.5205044863287719
28	inverse_trace_mc	0.5209186784965539
28	random	0.5056536102672725
28	variance	0.46918494578094755
28	variance_mc	0.5044414567937254
28	log_det_mc	0.5433136743361126
28	inverse_trace_mc	0.48617925165346265
28	random	0.5075627214198724
28	variance	0.46497765192203144
28	variance_mc	0.47683848818898744
28	log_det_mc	0.48911650840949944
28	inverse_trace_mc	0.4691905692664845
28	random	0.4920124683421001
28	variance	0.4927013802900433
28	variance_mc	0.4846767430719281
28	log_det_mc	0.48893050103289437
28	inverse_trace_mc	0.5032265629705913
28	random	0.4690100197204505
28	variance	0.4953992420022769
28	variance_mc	0.4910542217241141
28	log_det_mc	0.5143433023980873
28	inverse_trace_mc	0.5089510145772282
28	random	0.5010488716002075
28	variance	0.49122232161847457
28	variance_mc	0.4851715902764275
28	log_det_mc	0.47733540051643564
28	inverse_trace_mc	0.5156016927380508
28	random	0.48599699702643595
28	variance	0.47925455529655037
28	variance_mc	0.48634407780833816
28	log_det_mc	0.508471577633274
28	inverse_trace_mc	0.44888630794233014
28	random	0.46680106779158503
28	variance	0.5332706612999932
28	variance_mc	0.47416259720485066
28	log_det_mc	0.49155515408478295
28	inverse_trace_mc	0.5061777677678725
28	random	0.4579846591471644
28	variance	0.46483115241559647
28	variance_mc	0.476440731714934
28	log_det_mc	0.495509794287484
28	inverse_trace_mc	0.5121895317370468
28	random	0.4780658637948831
28	variance	0.4768981742650648
28	variance_mc	0.4812648066002928
28	log_det_mc	0.47667417692377345
28	inverse_trace_mc	0.4695432370702598
28	random	0.5162447045212809
28	variance	0.5159687092192137
28	variance_mc	0.504329563744958
28	log_det_mc	0.5036883391913319
28	inverse_trace_mc	0.5063862589868758
28	random	0.4948708198205761
28	variance	0.4965668402794469
28	variance_mc	0.502867361204847
28	log_det_mc	0.5280588786075127
28	inverse_trace_mc	0.48340433583008746
28	random	0.49763241147801
28	variance	0.46308873805603246
28	variance_mc	0.5066840741140267
28	log_det_mc	0.5071502048047556
28	inverse_trace_mc	0.4585742864230673
28	random	0.5202682803442341
28	variance	0.5076938694658842
28	variance_mc	0.4902407697733761
28	log_det_mc	0.4831035255359566
28	inverse_trace_mc	0.4833957333504404
28	random	0.5166382216367044
28	variance	0.4859158343495964
28	variance_mc	0.4931883104391628
28	log_det_mc	0.4736310387890759
28	inverse_trace_mc	0.49200827027731847
28	random	0.4653444876327262
28	variance	0.48681681810509425
28	variance_mc	0.5070041814670806
28	log_det_mc	0.512513013875655
28	inverse_trace_mc	0.447368640520884
28	random	0.4912208108130905
28	variance	0.47581127412037694
28	variance_mc	0.4741977629436921
28	log_det_mc	0.48247399373615246
28	inverse_trace_mc	0.47881691433529217
28	random	0.47322623848549283
28	variance	0.48912047170369405
28	variance_mc	0.4774710231010388
28	log_det_mc	0.48202724228194543
28	inverse_trace_mc	0.4574776350720411
28	random	0.4910772310502976
28	variance	0.4911421303931543
28	variance_mc	0.4800879363404752
28	log_det_mc	0.47550304025915013
28	inverse_trace_mc	0.5010303614417307
28	random	0.4946751471764391
28	variance	0.5133404699367989
28	variance_mc	0.4891993044360583
28	log_det_mc	0.5251381663553704
28	inverse_trace_mc	0.5137776335457864
28	random	0.4940390276180205
28	variance	0.49899799852858834
28	variance_mc	0.5078136195628766
28	log_det_mc	0.49973927785639055
28	inverse_trace_mc	0.4749169548674175
28	random	0.47206303121394566
28	variance	0.4960484909677989
28	variance_mc	0.500541693745344
28	log_det_mc	0.5058279416733198
28	inverse_trace_mc	0.4967714300042582
28	random	0.5125364580064778
28	variance	0.4777999020414999
28	variance_mc	0.49185927249417283
28	log_det_mc	0.48372149596641045
28	inverse_trace_mc	0.5041024420837383
28	random	0.47706739515220353
28	variance	0.5087330547919028
28	variance_mc	0.514524051501407
28	log_det_mc	0.5055509622622129
28	inverse_trace_mc	0.5089172033007122
28	random	0.5243559192836055
28	variance	0.5184275699589055
28	variance_mc	0.5135017830654329
28	log_det_mc	0.4812669877960891
28	inverse_trace_mc	0.5216770886892936
28	random	0.48544468218283543
28	variance	0.48094034399294333
28	variance_mc	0.4662219255877384
28	log_det_mc	0.47823020201466265
28	inverse_trace_mc	0.45779445158315274
28	random	0.4927637377598563
28	variance	0.5096562979558804
28	variance_mc	0.49694180073593713
28	log_det_mc	0.4556000655874208
28	inverse_trace_mc	0.4926303626769002
28	random	0.46211064282244296
28	variance	0.502755809559224
28	variance_mc	0.49693191774823603
28	log_det_mc	0.4844325911131657
28	inverse_trace_mc	0.4652839332279177
28	random	0.47547112664967384
28	variance	0.49528887397292787
28	variance_mc	0.5084885124541523
28	log_det_mc	0.5092562431702874
28	inverse_trace_mc	0.47411196663038774
28	random	0.5055278743144241
28	variance	0.48416629939595446
28	variance_mc	0.49000176134059414
28	log_det_mc	0.4801874908329142
28	inverse_trace_mc	0.4999364059040531
28	random	0.4714764923853741
28	variance	0.5224824947798551
28	variance_mc	0.48585857873459076
28	log_det_mc	0.48298635616328217
28	inverse_trace_mc	0.5051906494130283
28	random	0.47591474689347957
28	variance	0.4953818982181593
28	variance_mc	0.5094447570501787
28	log_det_mc	0.503973677579385
28	inverse_trace_mc	0.5014840284343239
28	random	0.5009362204884787
28	variance	0.49195160038297686
28	variance_mc	0.5308398178641897
28	log_det_mc	0.4945089659406473
28	inverse_trace_mc	0.509913165293844
28	random	0.5230063959979543
28	variance	0.5012215318617335
28	variance_mc	0.4842712246732266
28	log_det_mc	0.4554435524626289
28	inverse_trace_mc	0.48550126521005227
28	random	0.472093977454054
28	variance	0.4769328720090209
28	variance_mc	0.4725724759558344
28	log_det_mc	0.461399271610269
28	inverse_trace_mc	0.48532984978724586
28	random	0.49999026467271546
28	variance	0.5228695080742927
28	variance_mc	0.5239414152353118
28	log_det_mc	0.48940138280994305
28	inverse_trace_mc	0.48001045838429457
28	random	0.49329428284662535
28	variance	0.48564508616784396
28	variance_mc	0.4946034257778374
28	log_det_mc	0.4843897347368953
28	inverse_trace_mc	0.49338080871773826
28	random	0.4738705169788695
28	variance	0.45018094174065865
28	variance_mc	0.4699984760208616
28	log_det_mc	0.5107241384140033
28	inverse_trace_mc	0.4584263852921794
28	random	0.4941438170213932
28	variance	0.49917549708373365
28	variance_mc	0.5123365115048215
28	log_det_mc	0.5192048659319172
28	inverse_trace_mc	0.48440013971255436
28	random	0.47975996072785654
28	variance	0.4752491669221174
28	variance_mc	0.464387565865653
28	log_det_mc	0.4962167868783275
28	inverse_trace_mc	0.4978366887394556
28	random	0.47157444111761937
28	variance	0.5170015604466037
28	variance_mc	0.5075913737427309
28	log_det_mc	0.4978637869679179
28	inverse_trace_mc	0.49656920040238045
